INSERT INTO company.DEPARTMENT (name, start_date) 
VALUES
 ('Parker Miller', '1974-08-27 12:06:57'),
 ('Benjamin Larson', '1986-04-10 07:41:47'),
 ('Charles Rice', '2000-02-21 23:27:13'),
 ('Steve Francis', '2008-05-14 20:59:00'),
 ('David Smith', '1985-05-01 04:50:49'),
 ('Deborah Cole', '1985-10-14 16:14:02'),
 ('Jennifer Simmons', '2003-02-24 11:18:30'),
 ('Gloria Gonzales', '2008-01-06 14:45:49'),
 ('Autumn Gill', '1986-05-30 03:14:40'),
 ('Dale Bridges', '1988-01-22 13:28:40'),
 ('Destiny Reed', '1987-10-29 05:40:01'),
 ('Jeremy Brennan', '2007-08-01 19:47:51'),
 ('Patricia Moore', '1977-05-25 17:39:43'),
 ('Lori Carpenter', '1978-11-24 00:17:42'),
 ('Kimberly Stephenson', '1999-02-05 16:16:14'),
 ('Jay Manning', '1971-11-24 13:41:16'),
 ('Kimberly Smith', '2001-01-27 10:02:12'),
 ('Stacy Moore', '2010-06-13 04:49:28'),
 ('Robyn Harvey', '1981-02-07 23:30:14'),
 ('Christy Morris', '1984-07-14 13:44:06'),
 ('Michael Lopez', '1997-09-09 08:08:59'),
 ('Dr. Jesse Gomez PhD', '1989-02-23 19:41:49'),
 ('Gail Rodriguez', '1980-01-17 23:45:03'),
 ('Brandon Wilcox', '2021-05-05 17:42:15'),
 ('Angela Nixon', '1973-11-24 09:22:54'),
 ('Denise Smith', '1987-08-02 12:14:14'),
 ('Lindsay Stevens', '1975-06-18 10:49:18'),
 ('Anthony Sanchez', '1978-10-29 14:18:02'),
 ('Heather Nelson', '1997-11-16 16:39:43'),
 ('Steven Green', '1971-03-04 08:22:16'),
 ('Thomas Gray', '1973-03-05 01:38:57'),
 ('Amy Pierce', '2013-10-23 11:02:09'),
 ('Jamie Taylor', '1974-02-16 21:42:15'),
 ('Alyssa Wilkins', '2002-10-04 04:39:04'),
 ('Andrew Price', '2008-03-29 08:21:33'),
 ('Sydney Maldonado', '1983-02-13 05:37:13'),
 ('Jared Allen', '1986-07-26 04:48:24'),
 ('Sean Wolfe', '2000-08-20 07:01:04'),
 ('Joseph Hernandez', '2005-12-05 08:28:52'),
 ('James Conner', '1986-04-03 19:17:31'),
 ('Rebecca Castro', '1994-09-13 10:22:49'),
 ('Douglas Shields', '1999-06-29 18:31:46'),
 ('Tyler Sutton', '2018-10-23 04:06:42'),
 ('Bethany Hanson', '1997-05-16 20:52:02'),
 ('Sarah Garcia', '1983-07-19 01:44:14'),
 ('David Keller', '2010-11-11 19:51:32'),
 ('Cassandra Simon', '2005-02-15 00:01:19'),
 ('Michelle Lee', '2010-10-26 20:24:10'),
 ('Robert Larson', '2001-09-26 21:36:03'),
 ('Pamela Patrick', '2004-09-03 18:21:56'),
 ('Daniel Pierce', '1971-10-13 09:47:49'),
 ('Kelly Fletcher', '1975-10-01 00:54:14'),
 ('James Stokes', '1977-06-14 20:53:11'),
 ('Mary Diaz', '1998-08-28 15:46:38'),
 ('Sandra Alexander', '1995-07-06 03:08:04'),
 ('Wanda Robinson', '1970-01-22 18:14:22'),
 ('Amber Nguyen', '2009-03-09 23:31:08'),
 ('Michelle Martinez', '2005-01-27 15:38:31'),
 ('Jacob Davis', '2015-06-05 20:03:16'),
 ('Anna Hahn', '2017-04-12 01:56:32'),
 ('Kyle Wilson', '2004-11-30 02:51:15'),
 ('Beth Harper', '2007-04-19 01:57:44'),
 ('Heather Larson', '2002-08-13 03:19:33'),
 ('Christopher Thomas', '2017-10-22 19:11:35'),
 ('Susan Morgan', '1980-03-01 06:01:18'),
 ('Cristian Guerrero', '2022-04-27 12:30:27'),
 ('Michael Mitchell', '2020-08-01 16:13:08'),
 ('Frank Bennett', '2018-07-18 04:41:07'),
 ('Alyssa Davis', '2015-01-19 14:59:22'),
 ('Rachel Roberts', '2020-09-07 07:08:11'),
 ('Julian Cochran', '1983-04-08 22:39:35'),
 ('Megan Ramirez', '2005-12-27 07:25:03'),
 ('Taylor Fields', '1992-01-02 16:23:37'),
 ('Brandon Mueller MD', '1973-10-19 02:32:19'),
 ('Ian Saunders', '1999-05-03 20:04:42'),
 ('Johnny Lynn', '2011-03-03 04:50:37'),
 ('Larry Horn', '2013-12-09 05:26:15'),
 ('Linda Anthony', '1973-07-03 17:51:16'),
 ('Jordan Roth', '2022-06-17 15:09:23'),
 ('Mrs. Tracy Harris', '2012-05-08 08:39:13'),
 ('Erika Jennings', '2000-05-21 03:14:31'),
 ('Jonathan Cochran', '2008-02-21 19:14:12'),
 ('Brittany Carrillo', '1977-07-08 23:50:12'),
 ('Margaret Jones', '1992-06-07 19:37:08'),
 ('Kristen Russell', '2006-04-28 20:05:17'),
 ('Stephen Harris', '1975-08-02 13:46:46'),
 ('Bradley Walton', '1984-11-03 10:55:58'),
 ('Robin Hernandez', '2014-05-09 01:28:51'),
 ('Sarah Scott', '1995-03-31 12:51:27'),
 ('Jeffrey Simpson', '2020-02-28 03:06:34'),
 ('Phillip Barnett', '1973-04-08 18:27:37'),
 ('Jocelyn Cooper', '1979-09-26 11:15:45'),
 ('Olivia Brown', '2011-07-11 08:10:15'),
 ('Evelyn Torres', '2009-01-25 19:40:10'),
 ('Charles Williams', '1995-10-09 03:39:23'),
 ('Angela Wright', '1988-12-16 14:00:30'),
 ('Nicole Thomas', '1989-10-21 01:57:21'),
 ('Sarah Porter', '1975-04-30 01:46:11'),
 ('Ricardo Barry', '2001-10-16 03:27:15'),
 ('Sarah Burns', '2013-08-09 08:47:32');

INSERT INTO company.EMPLOYEE (ssn, addres, birth_date, first_name, last_name, middle_initis, salary, sex, start_date, status) 
VALUES
 ('096-06-6313', 'oqgZqpKgNzDJHtVTAiJy', '1988-04-03 05:16:32', 'Laura', 'Palmer', 'wgssfcICOfqbXTovpeWf', -9.2395664016312, 'CyQuRUfLgAJLzaYupqPd', '1991-08-31 07:35:31', 'FmhTcKmMyXtYBTFwvviw'),
 ('629-24-9874', 'jTiwPWXeFzrmqGOGDysj', '1982-03-13 00:41:53', 'Benjamin', 'Morgan', 'pEiBqmAYJupHFbVgHEOs', 45167.6235064847, 'BvwxnIdmCBCQIsKBmkQb', '2020-05-14 22:26:41', 'SsidosPbhwfePXcHUlvL'),
 ('610-90-0659', 'QblWRDBwzFbLYXJzgqVA', '1991-09-14 03:59:53', 'John', 'Kelley', 'emEuwVMTZWPHYezDIkRH', 5134313722289.18, 'nvKlSuFYhJiMVYiBshFv', '1999-09-27 18:49:42', 'ykGvzzykVVDGVGecHIfQ'),
 ('682-74-7542', 'RfoNwRWgXttgNlWQHClM', '2021-01-22 19:13:59', 'Melinda', 'Gilmore', 'zAlBITSUWIctreRtifaN', -96611021849797.7, 'dvmerDxzgQaPqdoCOzII', '2011-09-24 10:21:09', 'FAwYooHZfSxLMrANqBxO'),
 ('789-40-6928', 'kWlwtYNUsPXUhDduJsLt', '2006-02-26 12:49:01', 'Samantha', 'Marshall', 'LnHkwRNakrLrDNOPjJDd', -7516175.2440403, 'ppAviDKauvlkShjlZuqi', '1998-03-01 23:08:22', 'bFCWIcpiGljmwFDWikgV'),
 ('219-75-1634', 'UxnCLmESjofXiFcSdvBz', '2018-06-21 23:42:50', 'Alicia', 'Hinton', 'nvpGfZPaqsyrmgCSiSaR', 1481794355.8414, 'fglwvWPOCBvXvffwwdHL', '1996-11-06 04:03:33', 'eZKaCCBidUpjVmLFgqyR'),
 ('068-26-6278', 'BiYXnuWmEIcBCectWlLX', '1995-04-06 02:17:08', 'Sherry', 'Brown', 'HYCIYpaKNRkwxeRTsnxr', -38730063.390806, 'pGPMqBoiZymnIoeSWlpP', '1980-05-14 16:14:56', 'paGEvCNkdCdQGZPlTHcE'),
 ('460-61-9155', 'HoPesCgkTtlckseAVrJU', '2012-07-26 03:54:05', 'John', 'Carroll', 'JWfuSUhafzhsqItDAwZD', 26.5547869263473, 'YvTHkIxraNrFgNwihiOY', '1989-06-19 13:29:07', 'QiYFDzCSYpxgvVwbtRUZ'),
 ('721-62-6451', 'OXBwrvOvwVIhslKVcBsQ', '2007-10-09 19:06:55', 'Jason', 'Russell', 'SOCCSyvcbWLijLvKxcgC', 3249409122690.4, 'BNRGtsnokpmoeyUuqgcz', '1990-10-21 03:26:47', 'DFybRKeMreYwIiTqotkA'),
 ('448-14-2304', 'eWioBpGydgjWLFOdakMK', '2005-03-10 00:15:48', 'Connor', 'Hall', 'KDlfaMdwVcTBtWbbNAxU', 3.9010919456423, 'pHrObMcphUybeRdqnqaI', '2008-04-16 01:33:42', 'zuiVpJejdJMwJuqrJhtF'),
 ('098-82-1762', 'MHyDMYzzWELxLVRcoeEV', '1981-03-02 17:57:36', 'Danielle', 'Logan', 'bbbfluHpMqCoWwTBPren', -27133938580126.2, 'MHObWLyaWhumvhnbkueA', '2006-08-25 06:31:19', 'gRBgzYDMVxoTogSJTeWV'),
 ('537-39-9943', 'yquNKlENnleyaExAXjoi', '1977-04-14 21:48:43', 'Michael', 'Dominguez', 'lijDVScZkbImvQEfLizh', -895.928211103814, 'wAvAPZfEcPHWZjAzkWeJ', '1994-07-07 04:20:17', 'MpEeBQzzsfJKOCYiRXoO'),
 ('770-08-5377', 'aLIRvDZBTZpUfRhduwyM', '1973-03-22 15:03:14', 'Kelly', 'Young', 'OlsNrgtAlYvxmZdhzmQz', -231454.182459933, 'URfoyWEOWnAIsYljzALR', '1984-08-31 23:57:44', 'fGwXVtBSHqhsvjNiQMnW'),
 ('664-81-6889', 'HdPCxagkMNQDajgokKxI', '2020-09-18 00:33:34', 'Eric', 'Jordan', 'BQXRvFaLPrLvRUFIVVBq', 588882565484.253, 'usncrbXrbSUnChYfNtAw', '1983-06-04 20:00:52', 'SiUODdnyQKJMRxNhycDb'),
 ('545-28-3650', 'idGlTOOwDaDDYkHADCxm', '1982-09-28 10:43:09', 'John', 'Friedman', 'xZRsRbRAbBVwgCvyDAcE', 9400107.9459451, 'MizlyIHOyCWyYAJrRSpd', '1992-08-20 09:31:54', 'oDTBpeObISoYlRyZhiLN'),
 ('426-20-6074', 'XOunSgSealIcmleLYXuf', '1999-03-16 06:40:53', 'Shannon', 'Lee', 'UmbcijdAjDGVdCCCsaYW', 76244.8766295083, 'aLqZrFZUDYWDpqoBjZJn', '2007-10-05 15:46:43', 'xdubrghGARuzHKFAwEWn'),
 ('104-15-4498', 'GEWLDpJJBkBmqlljjyuI', '2008-09-20 22:48:40', 'Martha', 'Leonard', 'UcDrMKmicbzupnNmAMRt', 37555010445.1709, 'nLwheHyuWXUXFWUIuTtO', '1983-09-05 11:09:08', 'kIRUsnbajWxPpACdwhUs'),
 ('812-65-5920', 'dBpdpDEAuEEnQXuntUGb', '2003-09-21 10:04:54', 'Brian', 'Owens', 'JFoYUlZZhAwLnahbnidt', -1220321.9144917, 'dBpZVJRGsHTnUVOPKiAG', '2001-09-14 09:47:04', 'GKFDNcyjQWkENuPZgAxT'),
 ('573-49-6903', 'uEZpoeLpanguMLZkXtms', '2001-01-25 16:26:01', 'Sandra', 'Wilcox', 'FUGkAfIfrlSmKsHhmhVj', 157.36552669518, 'vZkxDbabypKrzCWPCKJu', '1994-05-09 13:17:24', 'OwCpksumttQWVgXvmVEH'),
 ('527-49-4681', 'lShskoAKuVdYyyWxbydo', '1990-07-03 10:00:02', 'John', 'Cooke', 'raulqlNNmZuKSKHZxxtb', 4727296.504709, 'PHnZmsKIyhgiRHdKlGbU', '2014-03-21 02:08:05', 'iNyrflhMUchTiIAnfAbs'),
 ('759-30-4210', 'iCbXgOtvFydOxqqWyHzA', '2021-10-11 09:16:13', 'William', 'Garcia', 'mNDesGjJKoMTIfYiWHpi', 90461672.8218384, 'JTvDkEXIsRKOfVFkVgTy', '1990-08-15 01:33:38', 'mWoquiwcQSjYjLvCaIqQ'),
 ('328-29-9271', 'iyiowfMDQGcnfOtYvPvG', '1982-06-24 21:38:47', 'Mary', 'Acosta', 'lfrjvWWCnREPvJEgnlCF', 18560958043813.9, 'TnvKhdeRsrPJpVCkPvus', '2019-03-15 07:35:01', 'VGwdEEimEadbWsiqzOhz'),
 ('746-43-5710', 'TPShsYBJtBELoWLrXUtz', '2011-09-09 06:25:28', 'Eric', 'Bowers', 'KGSUcNVtermgRxSqVNug', 6463520.20263783, 'SovrcNVlVNdoKxFjQvTj', '1998-02-06 20:55:57', 'DWMxPsxMZZWppCjFawIX'),
 ('419-46-5527', 'ywLZyyOigJzPvkWGHzav', '1987-10-25 21:38:35', 'Benjamin', 'Reeves', 'HQAzAtIBENJOeNVRQyIU', -8868047578.49004, 'qMfKPjRjKGwJCWvFwNJR', '1990-04-07 07:03:11', 'NTyjdKyNPrfoKKmKcFgK'),
 ('246-17-5008', 'QBkArWEMQqzoxIxWmMbd', '1981-05-14 02:32:09', 'Sydney', 'Evans', 'HtSgpovepibambDtcRmA', 54451180863252.3, 'WxtRNTcTFpOuwetalsnD', '2018-08-25 02:43:43', 'cKEKPxzcHoDqhOtufJOw'),
 ('039-49-4665', 'IjUWquIrQIqeaZHxljNm', '1980-09-12 19:09:29', 'Dustin', 'Simpson', 'jtqJHtJKRKXiUiMrNvRF', 603102772492.771, 'LoTOERtuauIvGVQoXams', '2004-05-19 03:55:43', 'EEhUyMPNcYcJTPmIzpcc'),
 ('896-51-4242', 'dzHvuVzkjSNDyqLKIwWW', '2018-12-02 04:56:43', 'Jeffery', 'Brown', 'cLUBZeKJelSndCOndnUU', 7017309.14118133, 'AKrmOjKuiwJFQXTPSQnp', '2000-07-25 01:30:58', 'FEpTtTWgDHOfVDFSyTuh'),
 ('598-45-3131', 'XqWeimscCgoqHyyQTWmO', '1984-10-04 10:07:20', 'Roberto', 'Hernandez', 'zZcdeawgGtDvXIoskwBU', 257.515617553605, 'iAKQsXwAKLQCOyjIGzsH', '1999-01-03 23:21:03', 'DsjVdGSurozCoPiOYzPx'),
 ('642-97-5737', 'CqsXgEwjFQApfGrTQqal', '1975-10-03 10:28:00', 'Cory', 'Cardenas', 'HnxLYjLSViiKcVVulLgu', -1445506467986.6, 'ohtNUFxTYdwhhoFPHudH', '1973-06-02 13:47:00', 'JnaunzyyrNQzbrliabPE'),
 ('246-89-5258', 'gheGlVZYjbXYOpDDDIiv', '1983-11-29 09:04:18', 'Joseph', 'Ford', 'nYzLROtFJgswZhoEyFlq', -941.345369269505, 'mJlvTgXIrsgRvCCMuptE', '1970-06-13 19:39:48', 'XiFojyInRjijXKpcpPay'),
 ('179-71-0824', 'yWhEtdxHRkRcldjzPFtP', '1983-09-05 11:57:22', 'Christopher', 'Perez', 'scMoTFdtOHAvnsXMFacm', 241457964.789405, 'sYadQpclMyvWFtKTLmBb', '1974-11-15 06:24:29', 'LigLzLslTaqSyFXfPfnn'),
 ('841-33-8313', 'BcYorFNluNpyJhGaOOGJ', '2006-04-06 15:27:55', 'John', 'Burke', 'yVXbYyZTFgnudxVgnifv', -4.31647930525007, 'wXuUwuHITFkuwzcutEMD', '1983-09-19 05:13:03', 'JmxTExOSubScBAhXRVUN'),
 ('840-52-1003', 'vkSLUHMWUlUKbRCkyeYG', '2020-05-03 06:33:25', 'Tiffany', 'Wheeler', 'QTEWoZOBwYWLrGMEVaQL', -29.360988050985, 'egGknJxSVbQdPXabXdev', '1993-06-02 11:58:45', 'VPMbkWmZGYIXvrnGpWJZ'),
 ('271-42-2221', 'wpXBHUWWerNxsqdZxFYQ', '2006-12-13 11:50:03', 'Dylan', 'Anderson', 'LsZYblvWuvtNaUxXDHha', -2744313.36322441, 'jLacjacAyRixnfcOWAzL', '1973-11-06 23:54:06', 'ffKIdMpqSctAfJKHbrVl'),
 ('312-62-7518', 'QhKjprBDJOovCLSJscDe', '1980-12-27 15:18:16', 'Gerald', 'Vasquez', 'DjoSRLFLhmUNYTaMnxbM', -58712.313585097, 'IDqyRDLRIBjGelEfvQOV', '1999-08-11 00:34:41', 'HJfiAcjcIGmvQBydhwDX'),
 ('442-59-9879', 'RpXspFUUyitRikqmtlgq', '1970-10-25 12:09:47', 'Carolyn', 'Cruz', 'HCDOYNIzbNNtwrMsnLKU', 5335411113.87503, 'NXKRedwWAbJuIgfAKNEH', '1992-01-30 09:06:31', 'pDsxoiPsxHygGWToBkLt'),
 ('591-31-4291', 'tHwNmEEuniOEIQTENyEE', '1992-06-25 20:54:05', 'Jasmine', 'Miller', 'UhTDkAndKCenKlmbCJPS', -3131890.73513181, 'vxZTZVjhdPpRbGXCaXfd', '1999-06-09 19:00:42', 'lpdzxjoLSIiewaTQRNry'),
 ('400-25-5449', 'nwHwQWwZbxksJzbFjxIO', '1984-04-05 16:14:59', 'Miguel', 'Harper', 'gpriNCudODUrKCFfMAZI', -40084480168626.8, 'UfKaSvAOixbFTahWqtle', '1986-10-10 08:50:56', 'BhJUIJwGtCEkNmTSyinc'),
 ('131-87-4734', 'TjDDHFqJoCOvFIfhrnkM', '2002-08-19 12:26:01', 'Steven', 'Reyes', 'RLDxZYgVdrZNuKxJATFb', -4650085.6711373, 'oNqgkWviFBuAzumojlYU', '2003-10-04 04:10:31', 'ZsbcEkzDsQfLvuYFeZFE'),
 ('036-09-5270', 'jDyPLRuIJqaVKCbtKdmL', '2019-08-23 17:59:01', 'Janet', 'Michael', 'RZYtIGTmVYElmezSEaQN', 98370568041.3682, 'iebNKgwsGPHjwWeAgoNU', '1990-05-09 05:00:50', 'bRZYWLdGdxYwRtLSDzPd'),
 ('752-06-6348', 'KIHgLKIeYVjyOlwdzgwO', '2016-08-30 18:43:05', 'Christopher', 'Sherman', 'mOsEdDVLnSaYblEErVJE', -1060615876.66979, 'AdcNjLiFFtSqWxCBdxCZ', '1977-04-28 07:07:29', 'XUsjlWEGhDYKvPYvKBtb'),
 ('202-84-3830', 'mazEBkFBrUylxIpIWgKg', '1993-07-23 23:38:03', 'Natalie', 'Martinez', 'XIgcjgpHNZGzfzSZQUNE', 160985335.625603, 'KGfvIuytQqGizZtXMjEN', '1997-08-15 21:48:52', 'fpgtWeragnvYCIQxWiLO'),
 ('381-24-8553', 'UZcOERIztTvVDIKzlNkV', '1975-07-02 15:10:02', 'Jessica', 'Dorsey', 'yIklVdsjbWumFdKpRdOC', 737.922531233691, 'fXmWGjXBxIXjZAiWeYxO', '1972-09-28 20:17:15', 'oztlsjDUPSzmUIzRpMmZ'),
 ('720-16-2570', 'NRUrHvwjrngbabhJGdBc', '2014-11-14 07:51:37', 'Jeremy', 'Cooper', 'kOifirEuqOOvkeOoYDID', -74848448950894.9, 'FhiPKrDYDoyJIEmQMbZw', '1978-04-30 07:11:46', 'yriwZStlpVufnOPQgQNW'),
 ('646-81-2452', 'qmSdqTdUdCzghjFsRyuk', '2012-01-07 18:10:50', 'Charles', 'Hernandez', 'BldyJjyZcwLeJsIpZzKt', 8766135556143.21, 'CPXBLYGpYOFpHMUmDhYe', '2016-09-12 21:09:42', 'RlbplhrMnBxanXeDemlW'),
 ('883-97-8570', 'sOwcggxugwfsTfrtTHDt', '2001-02-23 06:50:35', 'Lauren', 'Ellis', 'DiqUtJkzEXguHsqeSsBl', -5662.83137308442, 'swXYUmhIBZnaJYPzmBsr', '1972-04-02 06:43:49', 'SCbvBqshIVapbLwXQppM'),
 ('180-10-0207', 'juvOxusZtAtWhnSmrXBs', '2016-10-20 18:28:48', 'Veronica', 'Brown', 'rFwpEEuTGbZWHDGzQsLF', -99219.3189340061, 'mpyFVjfkoGzTbBRCGrGg', '2020-08-25 21:56:14', 'qjdgTSLhaCjmWgCGOdZR'),
 ('759-42-4595', 'VrtWYOGKgVmjjgtggpwl', '2017-03-29 10:15:42', 'Zachary', 'Moore', 'otNTrPkuIaHeAKeCGqYl', -19237710797912.5, 'MrHocYPndPDiIWRJyFAK', '1975-03-19 13:28:02', 'MIECoCHxBYvlNZIxRQIP'),
 ('232-79-7197', 'yoCCbFNAiriZIjzPwLGh', '1987-08-03 21:49:38', 'Samantha', 'Donovan', 'OzNavePJZGJiwimnxtla', -6491441597452.16, 'pyrgooVIXbYplPQUQHJu', '1974-08-25 23:04:30', 'PAEtbCmZsUTzasUCTHpE'),
 ('150-40-8532', 'yEfUzPcWztjobIFFWtMb', '2005-02-03 12:16:34', 'James', 'Harper', 'AXfQFCcAgTtyZWnUYvqV', -920251070.958999, 'lApWIJlAICitIRTekBRO', '2017-12-21 19:40:49', 'UoYcuIMOguBQNqJmzeMe'),
 ('237-61-6748', 'fIqhhYGghDeepMvkYYDN', '1970-06-18 07:14:45', 'Joseph', 'Hoffman', 'xAOTTwTfkgwUcgAgnDBZ', 6024986363523.7, 'ennAQQlaBijVAOllDpBM', '2009-02-28 01:59:09', 'KHgvNseAqJjrrjHuJqkg'),
 ('242-61-8316', 'lqwLJtAfPxMgnPHrNfKF', '1980-06-13 00:29:20', 'Katie', 'Chavez', 'jELhNUgZJlLmaSTncAkg', -4150996.9350305, 'FVvBhNPVFdYHNGpFlePO', '1994-10-18 08:45:09', 'EVhELjeAIRzQvZdChQFL'),
 ('485-08-9881', 'mVPXCyancLtHMEniqqdU', '2021-02-07 16:26:19', 'Lori', 'Jones', 'pxhhervqhVSsGngFLBLh', -0.21026552303495, 'PVuZRWGlsYiSTQdZWMJi', '1987-11-13 22:50:44', 'TnpSwHmmDkldTcbRAuQl'),
 ('808-54-5312', 'cKkTJKqMTZWwbcnJyJsT', '1972-06-30 07:37:46', 'Michael', 'Coleman', 'IpHdpdKytzTsWjDqXpub', -768.390848701231, 'nHSBcmWwptBaNttaKqPQ', '1974-08-05 03:31:05', 'DOKIRRNXZgHOiSsEWvKz'),
 ('726-77-7489', 'qPcsKfsjoaYAFlPmBSVl', '1976-06-17 16:29:06', 'Richard', 'Martinez', 'WUptZNEsNlEmjWNnerew', -64841292528.7466, 'gXtVmtEJVMzpBvzKlamp', '2016-05-23 23:26:53', 'gauDGAFXVUPLRSHyIqTM'),
 ('521-16-3062', 'fJZcInxiSvEffZVyvhXF', '2000-09-22 14:03:21', 'Paul', 'Rodriguez', 'WefvVNFxGQUziSFmSRDE', 903.758730181817, 'cZcemXDOSbHYPxTWppyN', '1972-07-21 23:12:49', 'YPjPbzyLjIYBiWmuHYEY'),
 ('068-45-2639', 'ZcvTvPmokXAutxasDdWm', '1988-09-28 19:41:14', 'Victoria', 'Hobbs', 'TLUCRLgvwrGLuJhAXoGq', 21278917448237.8, 'JBkWMjvSvqgWVmULRpLz', '2020-12-02 17:50:34', 'nVqixkMIOmnRRBEhyeXL'),
 ('130-74-6281', 'qzPEEQXUObpzJaHLQGxv', '2007-02-13 09:19:10', 'Joseph', 'Murphy', 'dCQrNEnnBamDvBcjtlAF', -6.155290313871, 'PssJMTtdKmIecXEQVtsO', '1989-11-06 10:10:27', 'hReyyRsitnNLIQznbamf'),
 ('344-40-8868', 'TLRdIbCPGtIENnkbmsrp', '2003-10-26 18:17:13', 'Katherine', 'Smith', 'qxoUQNgXaSLooxACxaqZ', -43.8064766157144, 'uUATdVvHGiHSKhvPPTel', '1992-06-15 14:01:34', 'ODtOxaqMJtqMsZRCRXqM'),
 ('007-51-5297', 'AkgprkOSUjAjEGsKtHsr', '2019-01-15 17:59:41', 'Melissa', 'Diaz', 'gWpTIICvQYlRaSDmHYwx', 5497.59671551873, 'BnDvTNthDMzqcGkbGoXE', '1977-09-13 10:40:54', 'LHwGfrqdYblQDZERTHOi'),
 ('701-68-8479', 'YODwieODCwUgVWnmiyBR', '2005-04-05 18:59:09', 'Scott', 'Clayton', 'BjyjzyIDgsiafwRgGxFQ', 45.8857393247617, 'uQqVzQgsdsExsueLeutr', '1983-01-09 09:16:27', 'uULKaHkVpYnKPumsVRbJ'),
 ('205-52-0894', 'ZjGNRCXURnWYKSYgKglJ', '1980-08-09 18:14:18', 'April', 'Gonzalez', 'SUPcTpbXRoGlcGCtbJuy', -98986792301074.3, 'NyInHYYprGhZFpcESrcj', '1996-07-12 20:04:18', 'QmvhPBiJvJwaTmIPyjLT'),
 ('253-74-8525', 'jRAjLThMyJRRwPHMoKuG', '1972-11-29 01:40:37', 'George', 'Ramirez', 'SgUaGXoiVscCFnsBDSJc', 1823.79420216549, 'MFSGOJkXUUVqxMDLMVLw', '1995-04-02 05:07:27', 'xOJfoXmJjNrYnqodorrk'),
 ('050-11-4753', 'XXpijWRAolWyIMXFdwsP', '1993-11-15 21:26:38', 'Krista', 'Anderson', 'HHMcsriqfTHOHWIapKij', -441835839.412973, 'DUNdyJkwKgMdzioAtmSx', '1973-05-24 17:18:18', 'UkbtLiwUTTTzWYUuYNTk'),
 ('030-03-7222', 'hidzzoSqpIOhsvWOCFnH', '1987-07-21 10:29:08', 'Tammy', 'Perry', 'JxbFoOeSjpbmbsTudGXs', 8.32679871910351, 'jjNlhxkZyYcjbCIOTDVz', '2019-01-12 21:48:46', 'lwxZoeLyfOWpGyPgWbui'),
 ('567-45-3703', 'LbBpPPyAsCHhEVAKYIhc', '1984-09-03 06:18:23', 'Ashley', 'Freeman', 'eaCCyOiJpIfQlauucbFF', -45532445777334.0, 'NfIJVLJbYiocRpXCeaIY', '2017-02-24 15:46:39', 'NfzMzVCJhdSJNbDcnylp'),
 ('351-31-4386', 'KPBWUCKkNeKPtdCxusqt', '2008-12-16 17:11:38', 'Tyler', 'Guzman', 'KiItaPdDxINodScJogcA', 50330362596762.3, 'rcgjokNoKxaFNJRHgeIf', '1983-04-14 15:32:35', 'pbGkevCQWbEWSirzpCYn'),
 ('166-46-0861', 'MmsjQsFZgGeNjiDNTIqB', '1987-04-23 10:44:50', 'Cory', 'Scott', 'LdkXQMKsmVUmlFONcofM', -3.295848893939, 'biRWzHMZJrTSiEkUEoCh', '1987-01-23 23:37:15', 'UhtRtkpFIxgqaMgFcZWZ'),
 ('069-63-4510', 'NjWWEFhWsSWNPuhVYhUa', '1973-06-23 02:46:36', 'Johnny', 'Stone', 'gJdBWSMVhgeggKIgCCfQ', 61857529.6335446, 'ZsbSQoPvEoEUvKTRaNFQ', '1984-03-01 23:31:31', 'CbVbHOGxhKhsKoRTMFiE'),
 ('198-82-3108', 'tdcYjzDeChWIlgvCIDAs', '2000-05-13 03:34:13', 'Rachel', 'Smith', 'sSnJYZkakTicfozSzQvp', -71208.3142542545, 'wBcVoHbvDQpyckARRNRQ', '2012-03-29 12:19:29', 'prpNKutjyCQfzEjokaog'),
 ('058-15-5262', 'DXribbuJBzneKFLsmgfd', '1991-07-20 01:51:34', 'Eric', 'Perez', 'CufCMEoJGOodORHEvTMT', -74.6364690388541, 'ZSrSKGRafqVoaXzOfdkO', '1997-02-25 01:12:00', 'kmTlHUTNgpNKjKiOThHX'),
 ('433-63-1073', 'gEeacvLAgBXtIbLsOxMT', '1976-04-19 09:17:44', 'Daniel', 'Mcgrath', 'YeuIFeSYRNaZQdcqVdMF', 65.6676552416022, 'MuJnEZmtgWRLsCTPMlFh', '2013-02-23 01:54:46', 'dQmfHlfXHtkePfLafqHQ'),
 ('824-81-7164', 'wNhxvVlwQnfLGqxySjDE', '1992-06-19 23:29:44', 'Nicholas', 'Alexander', 'IcXXFfLkOiIXbYNEqsTZ', -0.86177614058761, 'OGYsPWTMjGOSOBOFoYvI', '2011-12-22 21:25:55', 'yUgybKVazbLeEgTVOjxD'),
 ('772-38-4155', 'cuYNVJeAFiAwyXROuZgU', '2000-03-17 01:45:32', 'David', 'Jordan', 'OJHXFYpvhSBwMQEKwEjT', -582023602.82666, 'gnJiyPoCzKrcILIgfvOw', '1979-05-30 08:19:56', 'NNKCXLIazNliZIgvWHBW'),
 ('346-54-1105', 'sminBmrTkrpgqXaWEOSH', '2003-04-06 10:29:34', 'Kevin', 'Walker', 'CWlkNwhUDSpDBBNdfIsr', 35573232611203.5, 'mvJNbOyeEUFXSvfJbOxh', '2003-09-13 05:02:54', 'rHGTbNOunoqzhQZOOkSm'),
 ('359-07-3446', 'xlQiFQlWzjGUUGkqPmjj', '1983-05-08 15:13:15', 'Karen', 'Powell', 'CcbuXedrAuPjzaIDnaNW', -5786237.22288311, 'ZeHbLQPpntqLgMdPUFph', '1974-04-20 06:29:09', 'xrCYyJPkuXZXyubZRASZ'),
 ('700-07-1513', 'qZOkLAtCURQKWSKUsUye', '1996-02-25 00:24:38', 'Jennifer', 'Henderson', 'LBvFMUyRhFpzBKYHbpxD', 523.371834795711, 'xvgYaaucuQxtcGabiyPO', '2011-08-13 14:57:15', 'TvWUWRzmuANbZOClmWoP'),
 ('858-33-4486', 'bwEZujpnpFJWGLcaeFnw', '1976-03-17 14:34:24', 'Kim', 'Shepard', 'aSRJqlPvPAqMvBqxuklW', 4.4794719916245, 'oKAHIjjwwnKovpopfynq', '2001-04-12 13:47:42', 'vjZJRUlIZEfcBglmHfJC'),
 ('402-78-2690', 'VVZdrjJpLaAvCZHEDZVM', '1980-04-05 21:43:49', 'Kristen', 'Sanchez', 'PzcbzlsHhuuGRgdhWsMC', 830.574166324199, 'YHlVLvKshmHhQLjtdfzi', '1992-02-09 20:04:33', 'dKrtxQDjaLTfaaTVvqrF'),
 ('450-60-5489', 'SBJomBZrwKglcEHaQpsD', '2010-01-02 09:56:46', 'Lisa', 'Harper', 'wKUwImdWFsYoHJOlJSTx', -5432021736.71565, 'nfuSYksXyQxQwSsAWuan', '1994-01-27 16:22:02', 'NTDVHVqNAibYlFzwTtee'),
 ('176-53-9378', 'tdPKPsCCnyoygIklIpyr', '1977-07-19 17:43:04', 'Amy', 'White', 'nTrZigbLxVPLvEkPNBWT', -436887515.791803, 'uxAdvnydfkmoZvtndyLy', '1982-06-16 16:43:14', 'WwpDOqAIWkNKpVaVWqeV'),
 ('235-51-0461', 'iHkAmaaxTxAUbkvOhtwY', '1987-01-10 19:31:01', 'Susan', 'Wong', 'oevjiYPstkxTMsbMOhJA', 53897769715802.7, 'WpeMSuQkTlBVcqRjYciq', '2014-10-28 15:38:20', 'tPZoqgAcXYXMqJOEMjJD'),
 ('877-29-1389', 'YXpwqjGcdshSWDwyCDqu', '1989-11-22 09:03:23', 'Lisa', 'Hawkins', 'pPUWcsGrOWiFCFcJMnWe', -251.13136031132, 'gfdZrARpnqaTfDSamhHn', '2022-03-24 04:54:28', 'nnpIVCxdfKPDEzoAtRBm'),
 ('552-84-3558', 'onrYXRRezhNxjaGJRyAa', '2015-06-15 23:50:02', 'Kimberly', 'Byrd', 'IWMLVDGaEpZDWsODMUaz', -5.88333272016099, 'kONBNJSinnCakZGItbfM', '2019-12-27 02:53:55', 'CLKQOisAaKUiiWncnebf'),
 ('689-43-0585', 'oFmanFFmsxZZQrggrCfd', '1984-10-05 05:38:01', 'Jessica', 'Brooks', 'IXZIdDHTKtyHRvAVrjCH', -52821387.911863, 'GLidlIBtxjSuYZOmnTPZ', '2002-08-24 03:51:09', 'zwwRpyvZRldUPZbKqUjO'),
 ('426-26-0587', 'CLDJbqDPIlsoiqktOudP', '1970-02-08 18:03:11', 'Teresa', 'Todd', 'rVBohOzewAQdDsKkSvFc', -80524703.513105, 'iGyqGVIIISPTREmzrpBk', '1998-10-16 18:54:20', 'YdnTKfDcMmkXoWfxexRT'),
 ('203-44-1991', 'ZjuzLjHMUcrhwyToRdVx', '1982-05-30 23:59:31', 'Shannon', 'Johnson', 'FUJYIlKKoIdeFCBWoFkq', 27862209.3541705, 'hUDWXVCEHHyXGYxvZScB', '1988-03-11 12:34:19', 'rfHRmvHWajmwLOziSRkX'),
 ('359-06-2741', 'MVZXTzHVMrlzormRiUsB', '1973-10-07 09:32:49', 'Michael', 'Ortega', 'xkIffblXwHEuodIZyytP', -928260095.499038, 'rYLkmTgQSCLavCdgLBXt', '2001-05-02 04:00:49', 'XtZabcZzijnKdUNmzBqy'),
 ('778-70-2725', 'MLUGPmkPJMAylfjnlafd', '2020-06-29 06:29:19', 'John', 'Nguyen', 'JcYIvRBlqVbSvjGltXfN', -118578328885.695, 'QZWtcYbNdkoihBVZJkVd', '2002-08-19 01:22:14', 'PNuufUoeVFTEHtAhqrNJ'),
 ('603-10-7200', 'xVgLfMTisaqjNfSByCvZ', '2019-04-24 17:09:59', 'Wendy', 'Ford', 'bhUKbtYjdMGbIwmmNXBR', -73312054191207.6, 'zfkdqibmyGcTkqhOOoFx', '2020-01-04 15:19:36', 'xmsfiNFvEnahGabJIGUm'),
 ('754-93-2952', 'OJKRgSrnvsaPhwfXSzUy', '1978-07-19 02:26:58', 'Lori', 'Rodriguez', 'cHxbFdApDfgTgDzQrbsT', 9151.51251146879, 'WmxfQwaTGuoxtNlTSpAi', '2000-04-23 13:08:56', 'nirILSbejBNUZNbgafoB'),
 ('866-31-1823', 'zWkWHRrYrbsHpRKDQeAe', '2004-08-16 16:02:08', 'Thomas', 'Moran', 'HCHcdMZkkTiHHiIqXqxQ', -68671810.4715404, 'DWqRuhmkMvQdXfqttrSE', '1976-02-26 05:25:34', 'hYsZDBfTaqSceeKcluxE'),
 ('747-42-2463', 'HKJUvOCZBTsuFytfoncG', '2018-04-04 05:24:40', 'Brandi', 'Powell', 'mbIUtVKhVrUQiQRMfDnC', 88453265398162.8, 'zvNcVHEwFCCLyCPimgox', '2014-09-02 06:44:03', 'jAzaFhbCVCDFtcrANcII'),
 ('720-47-5864', 'nPmcetjDawUYCGkBKFaO', '2019-03-06 11:55:37', 'Jorge', 'Lamb', 'bEeQYYWTMaJnfUhiAxDp', 44.3790874558252, 'JRsWjsSCTMColjPFnULE', '1994-11-30 15:44:14', 'WYRwVpJMMmvinJdndzxx'),
 ('368-84-4149', 'FuowBeyjTTWLlSwoTsUU', '1988-11-06 13:23:56', 'Frank', 'Brown', 'xsAVzxxmxQNubJszPIQX', 87303.6191891817, 'qpakcpIQgBeyUpjubySD', '2004-06-04 16:28:36', 'BvMmQZdnylTvEgUmuegz'),
 ('827-75-3317', 'cgXJHszacCkGBSbwfTbr', '2012-10-29 01:47:56', 'Tammy', 'Griffith', 'NcRSweHGZfxzwGbVeRZQ', -64175.329182516, 'eeNILgoxghwiJnFCehke', '2018-05-13 12:00:38', 'lfFpsqIMaLvBgbPhAukB'),
 ('835-48-5424', 'MOfcIdpQsXFMOXQDtRsY', '1987-11-28 11:17:19', 'Jennifer', 'Garrison', 'PhdUsjnpWFxyQoUjMEJi', -81199691744.4997, 'QqEdJKrwRYADHNyJMogp', '1986-09-01 11:39:35', 'KWfGIKMiYYzVZovmAIjN'),
 ('153-49-8396', 'vKnCxkBAudpJUZkopvxG', '2007-07-25 06:44:59', 'Cindy', 'Rivera', 'tiJAMNDTunArYAgEMCVw', -26.5477137756271, 'CkIexacYFoEUMBUixwyc', '1978-11-03 12:10:41', 'MmGInaXKzwyfmrLEksWV'),
 ('149-18-5659', 'ynYvwqMNkZtlqKpQAWru', '2016-11-28 03:09:47', 'Ashley', 'Thompson', 'oRGqsCJkZxoaZGJgWVnj', -769211.66039191, 'VOnXXtPqmSGuHTzYgHgM', '1980-11-26 12:39:07', 'gvIIAMSuNVLkHBVTRNMl'),
 ('406-93-6876', 'VARoGORkpJwLXgUaGCwK', '2014-05-25 01:20:23', 'Madison', 'Mcdonald', 'alDXriZhnrwdzjtPJpja', -76647.6088092918, 'kNLkLGTnioVtqcNpHSnK', '2013-03-25 15:57:35', 'zTIhXMhUPwXMmVzQHIPb');

INSERT INTO company.PROJECT (name, budget, location) 
VALUES
 ('Brandy Copeland', -6.45028038860279, 'eIFjAzFoMTlfEohKkVkK'),
 ('Joel Smith', -794.639866101942, 'VbKMgvwfidnwOTJhTxSj'),
 ('Beth Stephens', -827651775362.307, 'tnpONGsmGnwXqphSDcqb'),
 ('Jennifer Smith', -8690293529.29427, 'ucwaesMWjbLfViuszEUM'),
 ('Rebekah Robinson', 91.9957599017585, 'lJxgycsRicoaZwlbYlas'),
 ('David Williams', -719586115.879922, 'dfbTQMfRJznasKUXVWag'),
 ('Ethan Warren', 332334.551845502, 'iglaQPbaqYpbEdpRvnyq'),
 ('Justin Taylor', -806262075.24517, 'mgtbAGbUdBTTyGpoDYAX'),
 ('Jennifer Gordon', 5057799455959.98, 'YgOzHBOYPZvQCRWIUWIy'),
 ('David Conner', -118249.922372865, 'jCXBhknmNCfWTWnDKmaU'),
 ('Timothy Ross', 84.7546482427178, 'bMZaGFUIcXNTGSxVbVTy'),
 ('Karen Gonzalez', 954137029.889365, 'wtMvFnNLamwWVYJopjUo'),
 ('Linda Brown', 62.963186900744, 'scvNotaiCabmeGdmWUrE'),
 ('John Mosley', 2439.528448043, 'GQooTofhCPBTuiVCwIBt'),
 ('Kim Mcdonald', 2830.28123276727, 'DPgbSuMFnajcxemJRjxO'),
 ('Brian Miller', 29357.6937751745, 'BpsLjkxNLSmeLtNoaIOR'),
 ('Joy Martin', 38625074.279751, 'IJYGlLarmtNZIMMwhPVg'),
 ('Anthony Mayer', 297.157931490861, 'MCvIcbPskIiROuKldsvi'),
 ('Cindy Harrison', -314.34548989456, 'BkBwuXRVddULzFvCZOUG'),
 ('Gloria Mitchell', -855099894761.763, 'JXAxRspMnOZpHiNlRFNY'),
 ('Sydney Smith', -72.8475336321128, 'BXLRPFaPYtHuztxuWHkb'),
 ('Mike Butler', 4217.62288782735, 'CprBsrRmkqAcAADYjEvD'),
 ('Jennifer Bush DDS', 90577878066.2081, 'PGAYpMhczRbMgmbtUkHj'),
 ('Maria Williams', 54384.4567770479, 'FOvuCDFlIhtOdkeZeEFy'),
 ('Melinda Sanchez', -784519457.551728, 'kCrOHamQTZIIHhMpOicc'),
 ('Andrea Harris', 9464991384.6904, 'KecoQsQuBDREiDCZuAKM'),
 ('Todd Newman', -47.6838180648485, 'OnoYJknAonWxEVVYLQNS'),
 ('Jacqueline Reed', -2.60209551372287, 'gVuyUbGvRNeLXBSfGdcv'),
 ('Benjamin Brown', -30767821239.8838, 'basWVwhHwrvpMoxtvksE'),
 ('Cynthia Mitchell', -28515625615771.2, 'mRJjWugrbftLgRKZTYHZ'),
 ('Jasmine Lee', 5306.7309416259, 'wgCRrtgsteAlfvNqBjyX'),
 ('Gerald Williams', 72311358304574.8, 'FhCYWRAbeFPogexMgZfS'),
 ('Robert Allen', 3729421444573.2, 'VsqcbEAtwVDUBRadKVGh'),
 ('Richard Allen', 2015.9805233093, 'XjCNQQkjFVeFETdfDryz'),
 ('Robert Lewis', 8066659160861.95, 'fzlFVHwmvCIowAyONERn'),
 ('Lorraine Garza', -598898713415.84, 'NEhDSEjBbTrCDGcIImac'),
 ('Toni Beck', -15168.5187377237, 'OvSNjEReuBuBVpGvZbSx'),
 ('Nichole Mitchell', 6810.83405973871, 'lNmkVxUQkIbPZIWTrLsA'),
 ('John Shaffer', -6358.16939068957, 'upskPPAwwDfVAqJvPWUK'),
 ('Jill Craig', 88192370416846.8, 'nTzSCgoAdwiDaEBUmSpn'),
 ('Amy Roberts', 37749351451795.6, 'PesEqzUyyUWqYrKGBMkV'),
 ('Isaiah Galvan', -48269206891338.4, 'dKULgeBCxkOIKqJcySuy'),
 ('Karen Bean', 8054602.70773521, 'EVcoinSPTQJgxAkHPBOw'),
 ('Carla Norton', 538990367.23401, 'ZgxCsNeaxVaSTLULSxqD'),
 ('Justin Huffman', -332379.854765508, 'NhgAeCWAbCuYSpWyXgjz'),
 ('Margaret Schmidt', -40057251256433.2, 'GqWQhWZiXmPcdSsGFAjE'),
 ('Scott Lester', 2964747754334.89, 'uvEUDRZZKXZhgXUUyDTv'),
 ('Hunter Gray', -3.66318158192063, 'WHesLeVwNIfGKXQQGcda'),
 ('Andrea Jones', 9171.60304704695, 'WbOLTaDKuKpdZhBCWOyI'),
 ('Daisy Boyd', 37437.6208435868, 'SHBHRwjLhGVFXQPVVqiI'),
 ('John Smith', -48338340201467.3, 'avpJLITvxRUYhZKwteZd'),
 ('Eric Jones', -97690378.6320875, 'kHqOyYqWZDieLVnbzvnh'),
 ('Samantha Gomez', 9744772844218.2, 'yxuaqSCYnAyJnvbgOAGf'),
 ('Mark Harris', -67.8962749137479, 'nCEEpaPfHhXyHbpdEjYq'),
 ('Jennifer Whitney', -5107071305948.67, 'eKsFBwfQItgwIIUIvsxh'),
 ('Steven Kirby', -84037826886.8816, 'dhscXaJeJjuLtXQnxRWX'),
 ('Vanessa Taylor', 920173797.383355, 'xtEuIYMYumwUsrQEhMDx'),
 ('Donald Chan', 36129393296912.7, 'adGEMECchpzuZFBeuZde'),
 ('Lisa Stevens', 7.293819773291, 'FLFVyFYfIXUSxqIumKaF'),
 ('Jason Smith', 249647534425.891, 'yLnDNEYuTJoIPsYPPcVY'),
 ('Chad Good', 6871.279573144, 'QROcEzpaPgZqlmQUJMFN'),
 ('Ernest Wright', -60935976970.2116, 'lRgiiYHDAgjafjsAeIEk'),
 ('William Boyd', 5549.48592808518, 'YUnXZlifuWHWEghapZKN'),
 ('Maria Horne', -5.35213831349226, 'NNVWkXRVZCroxKcJGRXO'),
 ('Jennifer Harris', -832.3532673211, 'tKhMlOFfSzTYGDbgVYAv'),
 ('Rachael Allen', -38.740542602509, 'smhYhjrBgzMkeqmZbdUZ'),
 ('Joseph Myers', 34416725782130.4, 'kAaUntkhqcePzXOukEIE'),
 ('Steven Johnson', -895092.769774657, 'jWgDLULUvLQFrcmfXYlE'),
 ('Sharon Flores', -9426.34926781007, 'IqoKTiVoslnbywsBKVqf'),
 ('Ann Johnson', 71.3344958494244, 'XvHScpjxyYHkCEreCUJa'),
 ('Debra Guzman', 720075427791.938, 'BhncouFBQUocpCiXZKCT'),
 ('Dr. Matthew Sullivan', -53165.8273217837, 'zwFPFPsqZnUiFRHzHCAK'),
 ('Carolyn Hayes', 6687011.76983792, 'AmTbZdHlnMrBhMuMDjqu'),
 ('Dominic Powell', -6843634046.65819, 'AAJBJxbWapiwFxFkwzeL'),
 ('Joseph Woodward', 1445128635122.6, 'gvNnwUVkZzcCYxqNaPUy'),
 ('Danielle Johnson', 989282456297.67, 'zaAEhsgqLnDfUaYXlnxK'),
 ('Ronnie Reyes', -716715.12887181, 'uLWiWkWNZobMjzTSLYVG'),
 ('Anna Johnson', 69.5678068667245, 'WrzdbkloShSHQqLzseBP'),
 ('David Leach', -61049018.1246903, 'aajfPftExQfoDRkWKaPG'),
 ('Mary Young', -29851729707512.4, 'xZoRmlqhgnQblmQOvpvm'),
 ('Mary Blevins', -77132682819.1168, 'IECnSQWEODiFLYeylIyS'),
 ('Kathryn Aguilar', 37.8661170072562, 'CAxldnzDazaOFiYIVTlj'),
 ('Joseph Miller', 607220.32496797, 'gBXAZVqCWwVwMWUgvWoF'),
 ('Hannah Pope', -3705.869084959, 'vkGcEGsDHZNWPaLtJXuf'),
 ('Christopher Medina', -2425233459.24504, 'KLAhXcPBHklQUkgVTrkf'),
 ('Lindsey Kelly', 290.82662357503, 'hWmADKjIbwHYXMXlQtEE'),
 ('Stephen Ortiz', -728985452.264775, 'XhWyQpfFOIwNWNDKiWmA'),
 ('Gabriel Moran', 817729189.867277, 'OzNUdyObXgFJpWPwwGqB'),
 ('Douglas Smith', -99.5805790987575, 'kkzcerpROCaeRyImUgkm'),
 ('Carol Vance', -4.97468832573465, 'fUbdQqOjIPeSBtljqqpl'),
 ('Paul Gill', 9471526747.19925, 'RVprxaxMANeCPbmZNVmH'),
 ('Amanda Fox', 45236920.3869193, 'ZnDgqPLoszzeESvAElWb'),
 ('Robert Patel', 146149915876.416, 'yLjlTdWICmcAslbVrTxM'),
 ('Mrs. Candice Davis DVM', -63144270.334229, 'JEmPFbquldSpMjjfkimx'),
 ('Dr. Kristen Lee DDS', 820445394.90853, 'zVfshVluyKvdvIBDwJpK'),
 ('Courtney Randall', 35.1662089673982, 'liDxJFTUAvmMjIsSDnnC'),
 ('Tiffany Allison', -4955458.32200232, 'mNdIPRkcMpGDRKQLYbob'),
 ('Kaitlyn Walsh', -61142515162.5887, 'nUOPMFTLORkgJjTKYRsQ'),
 ('Paul Garcia', 74145.4548415684, 'AvEtpVVwBCyilUZNQiel'),
 ('Tonya Flowers', 35267013308993.8, 'hSbYoBBbKNZforsKGBVx');

INSERT INTO company.DEPARTMENT (name, EMPLOYEE_Manages_ssn) 
VALUES 
 ('Parker Miller', '068-45-2639'),
 ('Benjamin Larson', '381-24-8553'),
 ('Charles Rice', '068-26-6278'),
 ('Steve Francis', '242-61-8316'),
 ('David Smith', '069-63-4510'),
 ('Deborah Cole', '778-70-2725'),
 ('Jennifer Simmons', '058-15-5262'),
 ('Gloria Gonzales', '098-82-1762'),
 ('Autumn Gill', '759-42-4595'),
 ('Dale Bridges', '096-06-6313'),
 ('Destiny Reed', '205-52-0894'),
 ('Jeremy Brennan', '098-82-1762'),
 ('Patricia Moore', '246-17-5008'),
 ('Lori Carpenter', '068-26-6278'),
 ('Kimberly Stephenson', '521-16-3062'),
 ('Jay Manning', '721-62-6451'),
 ('Kimberly Smith', '242-61-8316'),
 ('Stacy Moore', '827-75-3317'),
 ('Robyn Harvey', '591-31-4291'),
 ('Christy Morris', '752-06-6348'),
 ('Michael Lopez', '591-31-4291'),
 ('Dr. Jesse Gomez PhD', '721-62-6451'),
 ('Gail Rodriguez', '237-61-6748'),
 ('Brandon Wilcox', '835-48-5424'),
 ('Angela Nixon', '036-09-5270'),
 ('Denise Smith', '198-82-3108'),
 ('Lindsay Stevens', '368-84-4149'),
 ('Anthony Sanchez', '351-31-4386'),
 ('Heather Nelson', '253-74-8525'),
 ('Steven Green', '642-97-5737'),
 ('Thomas Gray', '198-82-3108'),
 ('Amy Pierce', '104-15-4498'),
 ('Jamie Taylor', '629-24-9874'),
 ('Alyssa Wilkins', '149-18-5659'),
 ('Andrew Price', '381-24-8553'),
 ('Sydney Maldonado', '883-97-8570'),
 ('Jared Allen', '545-28-3650'),
 ('Sean Wolfe', '789-40-6928'),
 ('Joseph Hernandez', '153-49-8396'),
 ('James Conner', '646-81-2452'),
 ('Rebecca Castro', '180-10-0207'),
 ('Douglas Shields', '840-52-1003'),
 ('Tyler Sutton', '720-47-5864'),
 ('Bethany Hanson', '219-75-1634'),
 ('Sarah Garcia', '858-33-4486'),
 ('David Keller', '433-63-1073'),
 ('Cassandra Simon', '841-33-8313'),
 ('Michelle Lee', '130-74-6281'),
 ('Robert Larson', '203-44-1991'),
 ('Pamela Patrick', '827-75-3317'),
 ('Daniel Pierce', '598-45-3131'),
 ('Kelly Fletcher', '629-24-9874'),
 ('James Stokes', '485-08-9881'),
 ('Mary Diaz', '721-62-6451'),
 ('Sandra Alexander', '131-87-4734'),
 ('Wanda Robinson', '448-14-2304'),
 ('Amber Nguyen', '840-52-1003'),
 ('Michelle Martinez', '205-52-0894'),
 ('Jacob Davis', '573-49-6903'),
 ('Anna Hahn', '835-48-5424'),
 ('Kyle Wilson', '835-48-5424'),
 ('Beth Harper', '351-31-4386'),
 ('Heather Larson', '521-16-3062'),
 ('Christopher Thomas', '778-70-2725'),
 ('Susan Morgan', '877-29-1389'),
 ('Cristian Guerrero', '689-43-0585'),
 ('Michael Mitchell', '841-33-8313'),
 ('Frank Bennett', '772-38-4155'),
 ('Alyssa Davis', '036-09-5270'),
 ('Rachel Roberts', '149-18-5659'),
 ('Julian Cochran', '068-45-2639'),
 ('Megan Ramirez', '772-38-4155'),
 ('Taylor Fields', '419-46-5527'),
 ('Brandon Mueller MD', '346-54-1105'),
 ('Ian Saunders', '253-74-8525'),
 ('Johnny Lynn', '359-07-3446'),
 ('Larry Horn', '096-06-6313'),
 ('Linda Anthony', '068-45-2639'),
 ('Jordan Roth', '351-31-4386'),
 ('Mrs. Tracy Harris', '841-33-8313'),
 ('Erika Jennings', '149-18-5659'),
 ('Jonathan Cochran', '402-78-2690'),
 ('Brittany Carrillo', '036-09-5270'),
 ('Margaret Jones', '246-89-5258'),
 ('Kristen Russell', '098-82-1762'),
 ('Stephen Harris', '545-28-3650'),
 ('Bradley Walton', '198-82-3108'),
 ('Robin Hernandez', '877-29-1389'),
 ('Sarah Scott', '312-62-7518'),
 ('Jeffrey Simpson', '545-28-3650'),
 ('Phillip Barnett', '460-61-9155'),
 ('Jocelyn Cooper', '351-31-4386'),
 ('Olivia Brown', '827-75-3317'),
 ('Evelyn Torres', '098-82-1762'),
 ('Charles Williams', '701-68-8479'),
 ('Angela Wright', '098-82-1762'),
 ('Nicole Thomas', '610-90-0659'),
 ('Sarah Porter', '567-45-3703'),
 ('Ricardo Barry', '721-62-6451'),
 ('Sarah Burns', '521-16-3062') 
ON DUPLICATE KEY UPDATE 
 EMPLOYEE_Manages_ssn = VALUES(EMPLOYEE_Manages_ssn);

INSERT INTO company.DEPARTMENT_location (location, DEPARTMENT_name) 
VALUES 
 ('nAqXlqefXovyakPtRSlw', 'James Stokes'),
 ('haTTLBYClZZYCceCxqDO', 'Sarah Porter'),
 ('aGnnqPRmBFtshTvwnwti', 'Margaret Jones'),
 ('wtaZHUHotrgjvZIUSOKw', 'Benjamin Larson'),
 ('WuTHzsEvyjloYByWdmfd', 'Larry Horn'),
 ('hsjvxlUzBxTsiskBWSMU', 'Jordan Roth'),
 ('NpSOHncfaGLwkMxvKWde', 'Patricia Moore'),
 ('PNTbmxAUOWneSnpQHpNc', 'Stephen Harris'),
 ('PoeizvDiQUmCOsdzbrzG', 'Linda Anthony'),
 ('iDAERcUuejMiEUDGiErt', 'Susan Morgan'),
 ('pVIjHkzxfaDtnCobgDwH', 'Taylor Fields'),
 ('bffBqhuTdzVdUaCWQfOQ', 'Robert Larson'),
 ('gkKhXwgzDyfVOOtNROUB', 'Dr. Jesse Gomez PhD'),
 ('KBeUeIHXxUIoHBOzrLbc', 'Deborah Cole'),
 ('fIXGtoOSVUXsAWMPNIDg', 'Anthony Sanchez'),
 ('dkONhKzQcGetCaOVxpkS', 'Sydney Maldonado'),
 ('tMWkGhqSmoBMEOBsshXO', 'Johnny Lynn'),
 ('ecaboebvdDBjvhsBbLUk', 'Bethany Hanson'),
 ('jMNgepyNgUOvgFWKmCWx', 'Kyle Wilson'),
 ('ljoSvoCXEMsNMWeavMpf', 'Anna Hahn'),
 ('ZVHxfCfINBgFFSghQNwm', 'Steven Green'),
 ('XyFORASxFziCjwDmDgZm', 'Rebecca Castro'),
 ('xsJdKFgcpAzWSjorEIZp', 'Brandon Mueller MD'),
 ('XcOcCnhntVVesjzEZIMV', 'Jeffrey Simpson'),
 ('pcfdpgYDarkZHSHNEVQl', 'Dale Bridges'),
 ('yJiDdQNuGODnJIBGLfyQ', 'Lori Carpenter'),
 ('QLhatwzTSnmVSpqePFbx', 'Michael Lopez'),
 ('LqOfmxqCUGowbggWbOAW', 'Christy Morris'),
 ('KzJpuAxnltMEaPrhZzIX', 'Sean Wolfe'),
 ('fHVqWBjolfApENpmDsjV', 'Bradley Walton'),
 ('WxSFVRhftaBtoVPXZViX', 'Alyssa Davis'),
 ('TpbfmhuyoOOgXYILhvCA', 'Robin Hernandez'),
 ('WKVgRqhHqHSKDdpJynlW', 'Jamie Taylor'),
 ('KjufGZujbxrjYgUslWdH', 'Michael Mitchell'),
 ('CJbZsMKajLtQaDNKJwXW', 'Thomas Gray'),
 ('aRrsqnyBFUOQkXeoMUER', 'Joseph Hernandez'),
 ('DkfhBeeqHpDHapnEnoFp', 'Jocelyn Cooper'),
 ('fISSQXjdnqqXPTpQyXtP', 'Tyler Sutton'),
 ('CHphSizDHvlZiIEzuSmK', 'Sarah Garcia'),
 ('dRpeoencUZSvMdspULPk', 'Frank Bennett'),
 ('ujeKFiklPeJdjPEnjyro', 'Douglas Shields'),
 ('ZSRhonfgkcOCZeOXyksp', 'David Keller'),
 ('xQnVmnEYBREHjOkeEeqv', 'Gloria Gonzales'),
 ('uQTHRiMJtkTduIKWqVnj', 'Jonathan Cochran'),
 ('rLRWMkQyyhtjrwAlNRZp', 'Cristian Guerrero'),
 ('wOAQELTNCGxbYeWQgFbY', 'Phillip Barnett'),
 ('gEOBnaShZTkIfxYETwTK', 'Christopher Thomas'),
 ('dQzZOSFaohkOZOVVRYEx', 'Jeremy Brennan'),
 ('lyVwAuxKyQuyxeUNGypr', 'Sarah Burns'),
 ('wBCvFIiViKzoqUJrDgfc', 'Charles Williams'),
 ('DjItkJSkCtRgKtLYrrZr', 'Mrs. Tracy Harris'),
 ('PjRCrrMSYNRfoLqvfGtg', 'Michelle Lee'),
 ('XdKTyojAnvyeVZVkEcwJ', 'Heather Larson'),
 ('zHvUwBrVRUUpeoNCpgho', 'Olivia Brown'),
 ('qiRVUCAoBZaCkszUuxQb', 'Sandra Alexander'),
 ('pmKRPrMLKihiihubLfBW', 'Julian Cochran'),
 ('qnoilwAfuiFmsALLwTsZ', 'Lindsay Stevens'),
 ('lyXaUBlPrhemnErAzfcN', 'Charles Rice'),
 ('QwJwDxKnbGYsXtaxOynP', 'Mary Diaz'),
 ('qSXOpMYJpUAfqGsXKobx', 'Gail Rodriguez'),
 ('RSIClAhyqRlRuFzxsyDw', 'Sarah Scott'),
 ('fzoeNTUbhLzeGVoXVLaA', 'Wanda Robinson'),
 ('EYOUIJLkRQKlGJMwYNXr', 'Ricardo Barry'),
 ('eIwboRALxqesLpAbgsqK', 'Robyn Harvey'),
 ('xBqzJFZzBscBJGTWlheW', 'Amber Nguyen'),
 ('KihfVtpXsExtyPbHRRxa', 'Daniel Pierce'),
 ('MaVlGlBCqrLSZjCXuacW', 'Kelly Fletcher'),
 ('BQTCOlCvdGbGicmNDuCF', 'Cassandra Simon'),
 ('KwEJTOUkPmjtgtDiTOyX', 'James Conner'),
 ('KgcAnqnQAiNZnFfLJdED', 'Brandon Wilcox'),
 ('XNncnjkZIOCuagdwxdEb', 'Denise Smith'),
 ('KzLHFUexpIvAbjWMrPLm', 'Kimberly Stephenson'),
 ('tluYwnYLNxzKSeTJDpOZ', 'Jennifer Simmons'),
 ('aiIzCOfqUTkhVRordMgU', 'Pamela Patrick'),
 ('PLNOBRVtltLWpXjZYeIZ', 'Kristen Russell'),
 ('RnjAQfDOVMhmHqrdcsnd', 'Nicole Thomas'),
 ('SWTLIGMbHQiwJbnthyGl', 'Evelyn Torres'),
 ('koCOqkLbeICcNuIeeCSI', 'Rachel Roberts'),
 ('dbWSSvNhyItySssSkihn', 'Autumn Gill'),
 ('SsoaEYgvWacQcQgQZTTn', 'Jared Allen'),
 ('kMIGIMmJMdsUDdwhloBh', 'Amy Pierce'),
 ('ujFlIVAMohmDszVcrELI', 'Jacob Davis'),
 ('xtPQSTRQPOYGJizQDPKe', 'Alyssa Wilkins'),
 ('rTvCnZcbjfycVHCzFjUI', 'Brittany Carrillo'),
 ('gLvaeAfkXHdEcKSSTYTG', 'Kimberly Smith'),
 ('vHfFbRKBaDPbxsftOuxx', 'Angela Nixon'),
 ('ZMRnNwWJkCoehSNjnCke', 'Erika Jennings'),
 ('uhxasFxvcsuYPEfesKSi', 'Megan Ramirez'),
 ('BADfNLLlAvrDROlNLEko', 'Parker Miller'),
 ('EFabVHZNNeTxgublnTGw', 'Beth Harper'),
 ('GeNncemwWYohbXqzJtbE', 'David Smith'),
 ('IwCgpRjcaTSBGjpLhGcR', 'Steve Francis'),
 ('EihUMpDLDPPzfSYKNylM', 'Andrew Price'),
 ('IyFDOvHjQEvCIvDeUeIT', 'Michelle Martinez'),
 ('rKHBMhIuheEXVwVpPzvT', 'Heather Nelson'),
 ('CApWxZUnEsFIgsoDwKef', 'Ian Saunders'),
 ('lRkqcfaSAPmTvnPOIstl', 'Jay Manning'),
 ('uJHPqXnXfZOgASHbSDcI', 'Stacy Moore'),
 ('IFvuDyZNjJXNaUUPaQUU', 'Destiny Reed'),
 ('XXkKVRhKGlBmbwaTMjpb', 'Angela Wright') ;

INSERT INTO company.DEPENDENT (Dependents_EMPLOYEE_ssn, birth_date, name, relatlonship, sex) 
VALUES 
 ('419-46-5527', '2019-10-27 14:55:37', 'Brittney Lawrence', 'AekYeqmqjYxXVreitVSs', 'HFEIPZVlWzvSYONZGLPy'),
 ('770-08-5377', '1970-02-19 19:43:43', 'Brittany Brown', 'phKXclCXCKudQzzTPvmm', 'eRKMgTYcxChFfZgiltXS'),
 ('198-82-3108', '2016-07-06 09:52:47', 'Peter Martin', 'HBOleMmdEnzQNPabLHBG', 'UYVLyXuvTsHRKticrlCn'),
 ('149-18-5659', '2006-02-16 11:25:19', 'Timothy Deleon', 'pPWvQZWSaHYawnNiChSS', 'lfYvoZXPAQcCOXHtYXkg'),
 ('150-40-8532', '2003-12-20 10:27:46', 'Jodi Huang', 'MnUXdpFxhvCNduuPTJuT', 'SqCeuvSmRBOzhHgTivuu'),
 ('746-43-5710', '2016-04-11 22:40:44', 'Aaron Harmon', 'tRyIvmohLYwGhPWzFUgN', 'aWuFTyrMhjjbkmjsKsLC'),
 ('448-14-2304', '2004-11-24 15:35:38', 'Charles Moore', 'qkbSeJJTRribbZAPaBPA', 'RGRStdrkPhdGoonKGXZy'),
 ('131-87-4734', '2000-08-30 16:59:08', 'Marissa Ford', 'HYBbVgQQTXljpkbKHgwe', 'LKaZyVSEzjEfaGwXIUPT'),
 ('610-90-0659', '2008-05-13 15:02:57', 'Jean Riddle', 'bJlhbRJTzhmUSXVbTRmt', 'uZaJWFFPoeKSsuNFmaVZ'),
 ('068-45-2639', '2011-06-28 13:13:04', 'Kathy Levy', 'OqdDPwfSXYKWIgQDaBxS', 'EwxjpKcWLlekzQXoDhnE'),
 ('840-52-1003', '1973-11-06 17:59:58', 'John Stewart', 'aXyiCwxPEjmchfrVvvff', 'moRBsTmPMPaaVTkltMoB'),
 ('877-29-1389', '2006-12-07 00:04:07', 'Laura Murphy', 'wBUSRPFYQzwnByLXpBBH', 'WngjLmqMccdqusWvruww'),
 ('858-33-4486', '1970-03-14 05:34:52', 'Joel Oconnor', 'eMJeIzdYpStFMYwLIeVg', 'dgRhOPRXWZsICeQeUXMW'),
 ('726-77-7489', '1973-05-26 05:31:15', 'Brenda Robinson', 'SSRXfXnfTafZCuMPwApV', 'fcpnVVaLcSqRAQAxjReL'),
 ('752-06-6348', '2008-12-12 02:09:54', 'Brian Armstrong', 'dkosKraLBsiiUgKsCzSD', 'qAoVSStVpuBZGAepVTQZ'),
 ('030-03-7222', '1980-12-31 23:03:12', 'Sharon Adkins', 'cqSUXjbEfaGCxIfKznZz', 'yLnPkLKjmQbyEmApArrZ'),
 ('050-11-4753', '1987-08-03 21:13:35', 'Amy Mullen', 'hFgVwFCsTIUCVyolsQex', 'dwBiroRtCUuCxMMDgrRI'),
 ('381-24-8553', '1974-02-05 23:37:44', 'Tina Campbell', 'XXxtNOQuByrZBSqQNAVz', 'uDvEyxRvSRRRmDOkUvni'),
 ('402-78-2690', '1979-11-12 00:43:58', 'Sandra Miranda', 'xNtLIhrpFnpTRkdJliNG', 'wMwUppKLBnDXHRdfcLJk'),
 ('069-63-4510', '2001-10-30 11:49:57', 'Jessica Smith', 'uSQTvuVOdyoCKYZjebXT', 'RkpVJIhlvdIACPSTUvON'),
 ('521-16-3062', '2022-04-22 09:56:14', 'Paul Weaver', 'hbjfTdkrjSvgGpqfayvd', 'NfvNldwUFPxWmzXmrIgr'),
 ('312-62-7518', '1970-09-13 03:16:57', 'Michael Mann', 'FvdhTmfdxCvLpdAuvhES', 'yKabVVsrDZTehxkKcDxw'),
 ('754-93-2952', '2004-07-04 01:14:45', 'Chelsea Hughes', 'AJMNVddspVpmhFFqrvCc', 'dceMaSSkwUtooJcbYunF'),
 ('442-59-9879', '1983-04-15 04:23:18', 'Charles Lindsey', 'QxqukQXByhWWgOOhtyvl', 'ImHaKuFtLetUPOkAnOuN'),
 ('700-07-1513', '1998-07-18 16:22:02', 'Mark Morton', 'NjPsKdoIFEbvVHyDpNcJ', 'DulcJdkyebpbgakhhmyZ'),
 ('603-10-7200', '1989-08-19 04:40:27', 'Kelly Rice', 'lhYmhHBKwDfgZBqoajYH', 'MQxFIUbNHTjReRuMfIcI'),
 ('203-44-1991', '2016-09-13 00:19:10', 'Reginald Hayes', 'CBHJyBqxUsyfTXTroqSu', 'izzBLRndZomXGMdVOcAz'),
 ('759-42-4595', '1975-04-24 12:44:30', 'Sarah Young', 'RFHvdoOqoLfgSSSGdulI', 'cJPodDhVsqGGPBMINvKA'),
 ('232-79-7197', '2009-05-18 05:31:21', 'Robert Erickson', 'prMNQCRbGkdXofDyQasG', 'PxaTMnwPmOKeWpWKtQII'),
 ('552-84-3558', '2014-12-03 10:18:22', 'Corey Johnson', 'LnAGPkJNFZCmqORvwJoD', 'zsXFAjzUezfBrALEBreD'),
 ('591-31-4291', '1975-04-04 00:45:36', 'Michelle Brown', 'tBddEyinjyWDCaOKHOOf', 'uvKYsHDGKhdeZFEbKnik'),
 ('180-10-0207', '1979-08-09 00:30:44', 'Ashley Guzman', 'TMwcurqqEbllkAerYsCV', 'fPYwGNfsvQliXMlkDpOH'),
 ('253-74-8525', '1978-02-05 21:12:22', 'Daniel Kelly', 'mfgdIPAfOmhXKjLPkKZc', 'uAkZiruBdpEHQJHFkOQU'),
 ('426-26-0587', '2022-02-22 23:40:30', 'James Wilson', 'UZPUwjDJSEorurCUgQdi', 'RqXVpWaNwRMUstwhlLvE'),
 ('689-43-0585', '1988-07-31 23:32:09', 'Taylor Smith', 'CHmpJzRuHiizTpoloQjV', 'hOQbIokkcfclHtaEpQLI'),
 ('883-97-8570', '1974-10-17 09:50:08', 'Ryan Riley', 'LZfzwHkJKCxKBIXxautm', 'RdTqGmobuMxOoRFNaiki'),
 ('573-49-6903', '2003-12-21 02:16:48', 'Christopher Rivera', 'uIKyEfffBloDEygttiwV', 'cxWswfyyjPqgAnIWKqcy'),
 ('682-74-7542', '1987-10-07 14:25:15', 'Curtis Macdonald', 'ElAGQzxVecKYFgaPsBmg', 'ZnSjQecslznZgSBLRRcJ'),
 ('237-61-6748', '1996-09-25 15:04:59', 'Lindsey Weaver', 'UHRgQWmalSRTonxlyOFn', 'cwhKPOGEnlFlMLSANqqt'),
 ('450-60-5489', '2002-02-08 01:02:17', 'Luis Smith', 'zBhVjgvRSKGuDGIOQeAB', 'awRaxLRqmeuMmShraaap'),
 ('007-51-5297', '2003-11-19 20:44:41', 'Mark Nicholson', 'BGMytWCqzYFViKfMAuQV', 'oIIWNwDXJEgnWXlfOnHP'),
 ('176-53-9378', '1983-06-26 15:02:34', 'Mark Williams', 'jSXagTghwxtedBPllZgu', 'wXjufXktcqYgLXIRxTem'),
 ('841-33-8313', '1994-09-12 23:54:33', 'Cynthia Welch', 'hjnaYUOcXhfpQzMwUDbe', 'zSaPvSvxlABMBWzuItIq'),
 ('812-65-5920', '1985-07-26 13:05:09', 'Thomas Garza', 'aidVglHpjuCinCeEIdQB', 'WadARWiukyQTGhjXysJD'),
 ('866-31-1823', '1977-12-03 20:25:19', 'Dakota Jacobs', 'QqdaNIFBaQGsmYNgHVPp', 'yTSVxJioQiENinRwPWlv'),
 ('598-45-3131', '2020-08-21 16:41:05', 'Jared Castro', 'ZgerLgFanclDgtVxVNMm', 'fQSgnUtIwatpQLJBCkTt'),
 ('721-62-6451', '1998-01-18 10:49:32', 'James English', 'ZIOjIyewCXJgSrTxyqNc', 'HijogbPxLpXCkombmYNU'),
 ('629-24-9874', '2012-12-06 14:23:14', 'Julie Dunn', 'klLuQUOOvVehyispbIZm', 'rcYSgMqZeYfoNabtOkrN'),
 ('205-52-0894', '1970-09-19 18:30:29', 'Steven Palmer', 'vZJwDvCUieUTTWewLUro', 'DkcQyirGoQDWYpxsBKVd'),
 ('789-40-6928', '1989-11-20 10:57:31', 'Kevin Chandler', 'wXZMdDcVIVJHjHqmQmgb', 'wkZMPgCADBWXrLhuiGOS'),
 ('036-09-5270', '1979-01-12 12:27:28', 'Justin Hudson', 'jdqBtLzlfNAZvVKWvzhy', 'jzdhFEdtgHcLHRoaHsfg'),
 ('179-71-0824', '1993-07-24 06:05:56', 'Jason Chen', 'HZSEljCiccvRdhplhePr', 'aIfFjImtHlxhnWVAqANi'),
 ('246-17-5008', '1994-09-16 09:31:29', 'Elizabeth Schroeder', 'EaJhpJjhWFMthLqgfVJV', 'AFjwrrIxIxHWZCmtqKOV'),
 ('567-45-3703', '1980-10-05 09:27:40', 'Debra Chan', 'xFzCwpskOanrNWHwIcbR', 'HmxWbuXqKyXnYWXNqyrl'),
 ('759-30-4210', '1993-07-26 12:40:43', 'Thomas Rogers', 'SHzkPgKjmmRXtDRyZPOI', 'ASxxrIJBERIwhpKTqIML'),
 ('808-54-5312', '2003-12-07 21:25:21', 'Michelle Guzman', 'DfmDVulKCHqvsFGGsBKb', 'rnCVxJttxOhNjnbdRNup'),
 ('545-28-3650', '1979-12-17 20:02:27', 'Marvin Jackson', 'ZlabBplDXpPPSDyznLVX', 'HnHDivsosLWbTCksrXnP'),
 ('368-84-4149', '2017-03-07 09:55:01', 'Nicholas Hughes', 'aGBvtOFGSHefYJRHYCcL', 'aApFfxciBheWRrVaLYcH'),
 ('346-54-1105', '1974-03-11 02:15:59', 'Joseph Walters', 'SvLxczVDVuWEHfbteWjt', 'WWYBtTDRKdFCfcFHzMSm'),
 ('271-42-2221', '2001-07-24 05:39:35', 'Tammie Collins', 'hEbeCVnYwduSXMpPzodd', 'dZneydZJSVRLIRoFcxQY'),
 ('720-47-5864', '1993-05-11 19:30:32', 'Lisa Fuentes', 'IBVaCAisDIyUyyFzNKvN', 'ocCvGHDGPeiutWUvwabG'),
 ('153-49-8396', '2015-04-15 15:11:48', 'Amanda Anderson', 'YAsycXuMzfOEvZMABugs', 'YAiDQOnOxYmfbRoeyaDd'),
 ('058-15-5262', '2012-11-16 21:12:21', 'Stephanie Wilson', 'lERgNhMgeETkCcELcoSJ', 'cCFcixQETfLJwXdLITbT'),
 ('646-81-2452', '1983-09-07 04:54:28', 'Ian Taylor', 'ZfeoDRJgCjsfyJjjNuTP', 'GajDykyVZCtvvjFjQzrw'),
 ('527-49-4681', '1996-05-23 18:06:12', 'Gregory Thompson', 'aeOxQSEsqPEVRhkQQsHL', 'QCRfXKhXshdAUogYMuDU'),
 ('827-75-3317', '1974-04-29 23:31:25', 'Sandra Rojas', 'uFBQZnvDeOXCcigcYrdP', 'ujMKtZMrqRTjhUyaeViP'),
 ('166-46-0861', '1981-05-22 14:29:13', 'Debra Johnson', 'kvTaQmfbvHAMYtNAxFuO', 'AhPjZpmUltjDLaIqwaqU'),
 ('642-97-5737', '2021-07-17 01:04:36', 'Jimmy Stevens', 'DMnWYxycmaEKsVdZabTy', 'HuxwaFtcFpCcfFikaumc'),
 ('068-26-6278', '1994-06-14 22:30:52', 'Kevin Smith', 'ENmLmsztJDwXBkeNwiim', 'ogLQEQqvnRnmoszFIyXF'),
 ('344-40-8868', '1995-07-26 23:30:09', 'William Woods', 'IILwNFazITfdcnKzBOnv', 'vPNFHFTHltiKdCkPftTY'),
 ('039-49-4665', '1996-05-30 07:36:02', 'Dawn Hardin', 'MgkPuQYrzJXQGhFwqEBJ', 'laxZOFNanuhWdylaFoeC'),
 ('664-81-6889', '1985-07-30 20:28:26', 'Julie Mckenzie', 'CSqPkLVTZjdJMrrDKuCR', 'ydAdnCByRmYAVORcxFNZ'),
 ('433-63-1073', '1977-12-26 08:56:20', 'David Morrow', 'dpXyiJeTHxYsLMqBuBPU', 'pxCsfLRowtyLBArAzWzl'),
 ('720-16-2570', '2003-02-05 17:53:42', 'Mark Coleman', 'MqStUQMelgUrQUlerjUU', 'YyXLYEfvCcMgFUnExnKd'),
 ('537-39-9943', '1970-08-10 05:01:33', 'Melissa Frazier', 'fNyIPOctAHPtdpwOLkkI', 'ZCjiMhsQaPitzgtTvMLK'),
 ('359-06-2741', '2019-05-31 11:17:20', 'Lisa Thomas', 'WIAWAwVfDVgEwwWywRFv', 'NQAZPdKSySxKxfYXuIJj'),
 ('835-48-5424', '1982-01-28 07:06:43', 'Joseph Bowen', 'CvnqsHdXZFxTCasIOWBh', 'jjvCzkwyEttOuLRfdljh'),
 ('701-68-8479', '1970-11-29 01:13:12', 'Daisy Yang', 'ioeRbLSTPkZrLWETbahd', 'VxPiHgVHKhindSpwFETN'),
 ('485-08-9881', '1989-07-11 14:44:31', 'Sara Allen', 'KSOxItnmUiEFSGNMDQAd', 'YijKltoJcqLxYMWxLRzA'),
 ('778-70-2725', '1980-06-05 13:06:32', 'Jennifer Cole', 'pusCvpMBvLxIUPdGRCSP', 'LSmLGadYYxkSaMnkWUyn'),
 ('202-84-3830', '1975-10-02 03:25:29', 'Lisa Gomez', 'cSGpaVqlQvNymISNYbhj', 'jsmPcfaoneBOuIwLXqKN'),
 ('328-29-9271', '2001-11-05 20:57:36', 'Brenda Reilly', 'TQpdCcldtVzwylqeWkEY', 'ZNOoticwMjQVXRLgjpmB'),
 ('460-61-9155', '1994-01-02 17:35:04', 'Melissa Barker', 'SsGJblYftSvrLHdjZRLS', 'qgrVVNbdVYNnaczQkPkl'),
 ('219-75-1634', '1983-12-19 10:48:02', 'Donald Daniel', 'orkdjoEZYJFhSZOOMYKF', 'AovmWJhjpsXlNyWAMNcV'),
 ('426-20-6074', '2021-02-17 00:55:30', 'Jessica Brown', 'uXaLWGxZeDkboommMdII', 'UyCJAnIECaJqvIyXCAZq'),
 ('096-06-6313', '2012-02-23 11:06:36', 'Patricia Harris', 'EjnRhOKjSRXinOWOToNa', 'tPLUvgZHXrBPKaTXcLuD'),
 ('098-82-1762', '1979-06-14 08:04:51', 'Sherry Hancock', 'eeResxelIEQMudJNYjfT', 'nlkcyWpTPDARBvSHbMsY'),
 ('359-07-3446', '2018-04-11 14:24:52', 'Casey Medina', 'JpaNHtuyckIyYMFoCwkx', 'pxOFwIrDCTiXDdAkIsuY'),
 ('824-81-7164', '2020-08-15 15:55:32', 'Heather Hayes', 'QncbCHNdUSYRQKwHNeJP', 'NCrCmPzMwEnWIoFbEirl'),
 ('747-42-2463', '1989-09-08 06:40:45', 'Sandra Moore', 'EFaeQEbJOEmrCrsrhxcX', 'MntpqbwloJPhikgnxTUJ'),
 ('235-51-0461', '2019-06-08 20:30:16', 'Joseph Payne', 'CllbtNbPbVmjthkeCenH', 'ARWgLmObUjzJrPnlIfWD'),
 ('351-31-4386', '2005-02-23 03:13:02', 'Joseph Collins', 'EqoXTTSrihXeFkMiviIs', 'WQNwmOWaBAJFNemkgIjP'),
 ('896-51-4242', '2000-03-22 13:55:18', 'Ariel Thompson', 'OtMLZZDTgqSoIlImkNPW', 'MsOEArunxRwCzGLMCKoy'),
 ('242-61-8316', '1970-01-01 00:32:34', 'Shawn Harris', 'uNwnBtxUGpHjAONXwTJc', 'mWZKIqNDBjVqbsabYlgO'),
 ('400-25-5449', '1989-02-15 18:52:41', 'Thomas Green', 'cTxgchymQQcMgWuZcaTW', 'PJpcuZNZxWAtZMURJBCo'),
 ('772-38-4155', '1975-12-06 12:57:58', 'Jill Jones', 'ixeYLoGSuTPOMTZZiknV', 'UWFwHJaQeMmHWPivHoss'),
 ('130-74-6281', '1985-09-25 20:05:32', 'Connor Christian', 'DxQukfLAvsVFqHYZAcKd', 'AFftOjSAyXBwMmIdeRuC'),
 ('406-93-6876', '1992-05-06 06:08:49', 'James Garcia', 'EeuusKynlbgrMSypZBQl', 'vgtGOvdWTONvLZRYAIAG'),
 ('104-15-4498', '2016-03-23 22:11:34', 'Michelle Rich', 'vSbYHtkpNDckJAhfgoeG', 'ULEpweAiFztxJRHEnjrZ'),
 ('246-89-5258', '1987-01-10 07:25:06', 'Maria Watkins', 'lRgkNAmCkSWmErpuvKby', 'CtFfDtrxmOpExpjTjGEA') ;

INSERT INTO company.EMPLOYEE (ssn, DEPARTMENT_Employed_name) 
VALUES 
 ('096-06-6313', 'Julian Cochran'),
 ('629-24-9874', 'Cristian Guerrero'),
 ('610-90-0659', 'Michelle Lee'),
 ('682-74-7542', 'Susan Morgan'),
 ('789-40-6928', 'Rebecca Castro'),
 ('219-75-1634', 'Charles Rice'),
 ('068-26-6278', 'Amy Pierce'),
 ('460-61-9155', 'Amy Pierce'),
 ('721-62-6451', 'Christopher Thomas'),
 ('448-14-2304', 'Beth Harper'),
 ('098-82-1762', 'Amber Nguyen'),
 ('537-39-9943', 'Julian Cochran'),
 ('770-08-5377', 'Angela Nixon'),
 ('664-81-6889', 'Mary Diaz'),
 ('545-28-3650', 'Gloria Gonzales'),
 ('426-20-6074', 'Robert Larson'),
 ('104-15-4498', 'Benjamin Larson'),
 ('812-65-5920', 'Robert Larson'),
 ('573-49-6903', 'Autumn Gill'),
 ('527-49-4681', 'Mary Diaz'),
 ('759-30-4210', 'Alyssa Davis'),
 ('328-29-9271', 'Johnny Lynn'),
 ('746-43-5710', 'Robyn Harvey'),
 ('419-46-5527', 'Kristen Russell'),
 ('246-17-5008', 'Anna Hahn'),
 ('039-49-4665', 'Anna Hahn'),
 ('896-51-4242', 'Erika Jennings'),
 ('598-45-3131', 'Lori Carpenter'),
 ('642-97-5737', 'Ricardo Barry'),
 ('246-89-5258', 'Jay Manning'),
 ('179-71-0824', 'Robin Hernandez'),
 ('841-33-8313', 'Michael Mitchell'),
 ('840-52-1003', 'Anna Hahn'),
 ('271-42-2221', 'Margaret Jones'),
 ('312-62-7518', 'Kimberly Smith'),
 ('442-59-9879', 'Jeremy Brennan'),
 ('591-31-4291', 'Tyler Sutton'),
 ('400-25-5449', 'Evelyn Torres'),
 ('131-87-4734', 'Jocelyn Cooper'),
 ('036-09-5270', 'Beth Harper'),
 ('752-06-6348', 'Denise Smith'),
 ('202-84-3830', 'Stephen Harris'),
 ('381-24-8553', 'Alyssa Wilkins'),
 ('720-16-2570', 'Charles Rice'),
 ('646-81-2452', 'Thomas Gray'),
 ('883-97-8570', 'Sarah Scott'),
 ('180-10-0207', 'Ian Saunders'),
 ('759-42-4595', 'Ian Saunders'),
 ('232-79-7197', 'Charles Rice'),
 ('150-40-8532', 'Parker Miller'),
 ('237-61-6748', 'Heather Nelson'),
 ('242-61-8316', 'Mrs. Tracy Harris'),
 ('485-08-9881', 'Brandon Mueller MD'),
 ('808-54-5312', 'Phillip Barnett'),
 ('726-77-7489', 'Nicole Thomas'),
 ('521-16-3062', 'Jay Manning'),
 ('068-45-2639', 'Sarah Porter'),
 ('130-74-6281', 'Nicole Thomas'),
 ('344-40-8868', 'Thomas Gray'),
 ('007-51-5297', 'Lori Carpenter'),
 ('701-68-8479', 'Michael Mitchell'),
 ('205-52-0894', 'Kristen Russell'),
 ('253-74-8525', 'Sydney Maldonado'),
 ('050-11-4753', 'Mrs. Tracy Harris'),
 ('030-03-7222', 'Christy Morris'),
 ('567-45-3703', 'Heather Nelson'),
 ('351-31-4386', 'Frank Bennett'),
 ('166-46-0861', 'Thomas Gray'),
 ('069-63-4510', 'Thomas Gray'),
 ('198-82-3108', 'Angela Wright'),
 ('058-15-5262', 'Alyssa Davis'),
 ('433-63-1073', 'Lindsay Stevens'),
 ('824-81-7164', 'Lori Carpenter'),
 ('772-38-4155', 'Steven Green'),
 ('346-54-1105', 'Michelle Lee'),
 ('359-07-3446', 'Alyssa Wilkins'),
 ('700-07-1513', 'Sydney Maldonado'),
 ('858-33-4486', 'Phillip Barnett'),
 ('402-78-2690', 'Jonathan Cochran'),
 ('450-60-5489', 'Steven Green'),
 ('176-53-9378', 'Christopher Thomas'),
 ('235-51-0461', 'Jacob Davis'),
 ('877-29-1389', 'Michael Mitchell'),
 ('552-84-3558', 'Frank Bennett'),
 ('689-43-0585', 'Denise Smith'),
 ('426-26-0587', 'Stacy Moore'),
 ('203-44-1991', 'Angela Nixon'),
 ('359-06-2741', 'Mrs. Tracy Harris'),
 ('778-70-2725', 'Michael Lopez'),
 ('603-10-7200', 'Michelle Lee'),
 ('754-93-2952', 'Kristen Russell'),
 ('866-31-1823', 'Deborah Cole'),
 ('747-42-2463', 'Beth Harper'),
 ('720-47-5864', 'Jonathan Cochran'),
 ('368-84-4149', 'Cassandra Simon'),
 ('827-75-3317', 'Deborah Cole'),
 ('835-48-5424', 'Jordan Roth'),
 ('153-49-8396', 'Charles Rice'),
 ('149-18-5659', 'Steven Green'),
 ('406-93-6876', 'Stephen Harris') 
ON DUPLICATE KEY UPDATE 
 DEPARTMENT_Employed_name = VALUES(DEPARTMENT_Employed_name);

INSERT INTO company.PROJECT (name, DEPARTMENT_Assigned_name) 
VALUES 
 ('Brandy Copeland', 'Lori Carpenter'),
 ('Joel Smith', 'Steven Green'),
 ('Beth Stephens', 'Christy Morris'),
 ('Jennifer Smith', 'Kimberly Stephenson'),
 ('Rebekah Robinson', 'Steven Green'),
 ('David Williams', 'Jennifer Simmons'),
 ('Ethan Warren', 'Ricardo Barry'),
 ('Justin Taylor', 'Cristian Guerrero'),
 ('Jennifer Gordon', 'Alyssa Davis'),
 ('David Conner', 'Mary Diaz'),
 ('Timothy Ross', 'Jordan Roth'),
 ('Karen Gonzalez', 'Michelle Martinez'),
 ('Linda Brown', 'Anthony Sanchez'),
 ('John Mosley', 'Tyler Sutton'),
 ('Kim Mcdonald', 'Linda Anthony'),
 ('Brian Miller', 'Kyle Wilson'),
 ('Joy Martin', 'Lindsay Stevens'),
 ('Anthony Mayer', 'Anna Hahn'),
 ('Cindy Harrison', 'David Keller'),
 ('Gloria Mitchell', 'Taylor Fields'),
 ('Sydney Smith', 'Lori Carpenter'),
 ('Mike Butler', 'Evelyn Torres'),
 ('Jennifer Bush DDS', 'Sarah Burns'),
 ('Maria Williams', 'Johnny Lynn'),
 ('Melinda Sanchez', 'Larry Horn'),
 ('Andrea Harris', 'Gail Rodriguez'),
 ('Todd Newman', 'Thomas Gray'),
 ('Jacqueline Reed', 'Deborah Cole'),
 ('Benjamin Brown', 'Christy Morris'),
 ('Cynthia Mitchell', 'Robin Hernandez'),
 ('Jasmine Lee', 'Jacob Davis'),
 ('Gerald Williams', 'Jocelyn Cooper'),
 ('Robert Allen', 'Gail Rodriguez'),
 ('Richard Allen', 'Robyn Harvey'),
 ('Robert Lewis', 'Patricia Moore'),
 ('Lorraine Garza', 'Sarah Scott'),
 ('Toni Beck', 'Alyssa Wilkins'),
 ('Nichole Mitchell', 'Susan Morgan'),
 ('John Shaffer', 'Rachel Roberts'),
 ('Jill Craig', 'Angela Nixon'),
 ('Amy Roberts', 'Dr. Jesse Gomez PhD'),
 ('Isaiah Galvan', 'Kimberly Smith'),
 ('Karen Bean', 'Cristian Guerrero'),
 ('Carla Norton', 'Daniel Pierce'),
 ('Justin Huffman', 'Alyssa Wilkins'),
 ('Margaret Schmidt', 'Amy Pierce'),
 ('Scott Lester', 'Heather Larson'),
 ('Hunter Gray', 'Jamie Taylor'),
 ('Andrea Jones', 'Stephen Harris'),
 ('Daisy Boyd', 'Benjamin Larson'),
 ('John Smith', 'Linda Anthony'),
 ('Eric Jones', 'Olivia Brown'),
 ('Samantha Gomez', 'Tyler Sutton'),
 ('Mark Harris', 'Cristian Guerrero'),
 ('Jennifer Whitney', 'Jennifer Simmons'),
 ('Steven Kirby', 'Benjamin Larson'),
 ('Vanessa Taylor', 'Kimberly Stephenson'),
 ('Donald Chan', 'Kimberly Smith'),
 ('Lisa Stevens', 'Sarah Scott'),
 ('Jason Smith', 'Robyn Harvey'),
 ('Chad Good', 'Joseph Hernandez'),
 ('Ernest Wright', 'Sarah Garcia'),
 ('William Boyd', 'Robert Larson'),
 ('Maria Horne', 'Amy Pierce'),
 ('Jennifer Harris', 'Daniel Pierce'),
 ('Rachael Allen', 'Sarah Burns'),
 ('Joseph Myers', 'Frank Bennett'),
 ('Steven Johnson', 'Amber Nguyen'),
 ('Sharon Flores', 'Johnny Lynn'),
 ('Ann Johnson', 'Michelle Martinez'),
 ('Debra Guzman', 'Destiny Reed'),
 ('Dr. Matthew Sullivan', 'Michelle Martinez'),
 ('Carolyn Hayes', 'Sean Wolfe'),
 ('Dominic Powell', 'Mrs. Tracy Harris'),
 ('Joseph Woodward', 'Destiny Reed'),
 ('Danielle Johnson', 'Jocelyn Cooper'),
 ('Ronnie Reyes', 'Jordan Roth'),
 ('Anna Johnson', 'Cassandra Simon'),
 ('David Leach', 'Cristian Guerrero'),
 ('Mary Young', 'Charles Rice'),
 ('Mary Blevins', 'Michelle Lee'),
 ('Kathryn Aguilar', 'Alyssa Wilkins'),
 ('Joseph Miller', 'Linda Anthony'),
 ('Hannah Pope', 'Andrew Price'),
 ('Christopher Medina', 'Christy Morris'),
 ('Lindsey Kelly', 'Larry Horn'),
 ('Stephen Ortiz', 'Cassandra Simon'),
 ('Gabriel Moran', 'Autumn Gill'),
 ('Douglas Smith', 'Rebecca Castro'),
 ('Carol Vance', 'Nicole Thomas'),
 ('Paul Gill', 'Beth Harper'),
 ('Amanda Fox', 'Thomas Gray'),
 ('Robert Patel', 'Deborah Cole'),
 ('Mrs. Candice Davis DVM', 'Jared Allen'),
 ('Dr. Kristen Lee DDS', 'Kristen Russell'),
 ('Courtney Randall', 'Sarah Burns'),
 ('Tiffany Allison', 'Rebecca Castro'),
 ('Kaitlyn Walsh', 'Lori Carpenter'),
 ('Paul Garcia', 'Ricardo Barry'),
 ('Tonya Flowers', 'James Stokes') 
ON DUPLICATE KEY UPDATE 
 DEPARTMENT_Assigned_name = VALUES(DEPARTMENT_Assigned_name);

INSERT INTO company.Works_EMPLOYEE_PROJECT (EMPLOYEE_ssn, PROJECT_name, hours, start_date) 
VALUES 
 ('840-52-1003', 'Paul Gill', 5726, '2018-06-24 15:41:44'),
 ('485-08-9881', 'Dr. Kristen Lee DDS', 5434, '1981-02-24 15:17:59'),
 ('203-44-1991', 'Ann Johnson', 2734, '2012-12-23 09:18:32'),
 ('545-28-3650', 'Tonya Flowers', 3777, '1982-01-23 23:57:31'),
 ('030-03-7222', 'Robert Patel', 8125, '2008-01-25 21:41:25'),
 ('598-45-3131', 'Karen Gonzalez', 5224, '2001-07-21 15:44:46'),
 ('689-43-0585', 'Joseph Woodward', 5777, '1985-10-07 02:26:17'),
 ('246-89-5258', 'David Williams', 1986, '2002-10-13 17:15:32'),
 ('176-53-9378', 'Toni Beck', 5875, '1974-12-07 06:46:44'),
 ('419-46-5527', 'Margaret Schmidt', 954, '1971-04-04 22:11:23'),
 ('149-18-5659', 'Joseph Miller', 601, '2012-01-02 19:19:52'),
 ('808-54-5312', 'Samantha Gomez', 339, '1987-07-12 12:42:47'),
 ('179-71-0824', 'Sharon Flores', 3137, '1991-01-17 17:24:14'),
 ('747-42-2463', 'Danielle Johnson', 9189, '1986-03-25 17:41:41'),
 ('328-29-9271', 'Cindy Harrison', 1410, '2009-07-01 14:33:07'),
 ('246-17-5008', 'Gerald Williams', 3077, '1986-11-22 10:50:01'),
 ('877-29-1389', 'Paul Garcia', 5362, '1993-01-21 10:34:50'),
 ('521-16-3062', 'Gabriel Moran', 9942, '2008-06-30 09:48:55'),
 ('754-93-2952', 'Linda Brown', 1283, '1972-06-21 23:18:38'),
 ('591-31-4291', 'Jill Craig', 9844, '2020-07-14 22:39:31'),
 ('726-77-7489', 'Jennifer Whitney', 8995, '2021-07-23 18:01:11'),
 ('381-24-8553', 'Ernest Wright', 8158, '1980-09-11 22:04:11'),
 ('537-39-9943', 'Kim Mcdonald', 3842, '1999-06-17 12:46:24'),
 ('237-61-6748', 'Andrea Jones', 2385, '1990-03-19 01:57:59'),
 ('460-61-9155', 'Brian Miller', 3454, '2021-05-01 06:30:03'),
 ('552-84-3558', 'David Conner', 6453, '1976-08-27 07:43:53'),
 ('232-79-7197', 'Courtney Randall', 9347, '1983-01-28 13:43:04'),
 ('202-84-3830', 'Mary Young', 9294, '1981-06-22 19:21:09'),
 ('721-62-6451', 'Douglas Smith', 7123, '1993-03-19 10:33:03'),
 ('896-51-4242', 'Sydney Smith', 3175, '1999-10-28 00:32:14'),
 ('433-63-1073', 'Robert Lewis', 7544, '2019-12-23 05:24:11'),
 ('883-97-8570', 'Robert Allen', 459, '1983-11-21 21:21:29'),
 ('359-06-2741', 'Steven Johnson', 6122, '2015-08-02 22:37:27'),
 ('359-07-3446', 'Mrs. Candice Davis DVM', 402, '1984-12-04 03:38:39'),
 ('720-47-5864', 'Benjamin Brown', 7075, '2011-08-14 16:07:32'),
 ('007-51-5297', 'Beth Stephens', 637, '2006-11-19 06:24:02'),
 ('131-87-4734', 'Brandy Copeland', 7941, '2020-02-11 21:01:29'),
 ('720-16-2570', 'Daisy Boyd', 1326, '2014-01-28 15:03:27'),
 ('058-15-5262', 'Lorraine Garza', 5957, '1979-01-01 07:03:14'),
 ('050-11-4753', 'Kaitlyn Walsh', 1483, '2007-11-17 20:16:36'),
 ('778-70-2725', 'Jasmine Lee', 5805, '1992-02-08 09:21:54'),
 ('426-26-0587', 'Joy Martin', 2988, '2016-11-01 19:34:38'),
 ('527-49-4681', 'Tiffany Allison', 6046, '2007-11-25 02:41:40'),
 ('150-40-8532', 'Jennifer Bush DDS', 1518, '1996-08-07 11:55:05'),
 ('642-97-5737', 'Jennifer Smith', 4836, '2006-09-11 02:40:28'),
 ('402-78-2690', 'Richard Allen', 48, '2020-11-30 14:20:43'),
 ('450-60-5489', 'Maria Horne', 8489, '2006-01-26 04:38:43'),
 ('759-30-4210', 'Anthony Mayer', 7275, '2017-01-23 00:37:15'),
 ('219-75-1634', 'Kathryn Aguilar', 7270, '1977-08-22 23:02:06'),
 ('629-24-9874', 'Vanessa Taylor', 9547, '2003-04-21 15:06:32'),
 ('368-84-4149', 'Justin Taylor', 8282, '2014-08-29 12:25:34'),
 ('827-75-3317', 'Stephen Ortiz', 1735, '1980-10-28 17:08:55'),
 ('346-54-1105', 'Lindsey Kelly', 5892, '2005-01-13 05:35:04'),
 ('759-42-4595', 'Timothy Ross', 7794, '2008-04-11 21:17:18'),
 ('406-93-6876', 'Donald Chan', 3004, '1974-07-07 10:21:10'),
 ('442-59-9879', 'Isaiah Galvan', 6398, '1993-08-01 18:28:57'),
 ('198-82-3108', 'Jennifer Gordon', 8878, '2020-07-04 01:02:02'),
 ('841-33-8313', 'Mark Harris', 3454, '1971-07-23 19:39:58'),
 ('344-40-8868', 'Steven Kirby', 2909, '1980-01-11 13:46:04'),
 ('770-08-5377', 'Gloria Mitchell', 763, '1989-08-05 15:53:04'),
 ('153-49-8396', 'Amy Roberts', 5678, '2012-06-10 11:16:13'),
 ('866-31-1823', 'Karen Bean', 3884, '1994-12-05 14:06:26'),
 ('426-20-6074', 'Maria Williams', 9960, '2005-03-07 01:04:58'),
 ('835-48-5424', 'Anna Johnson', 7327, '2019-12-29 13:27:29'),
 ('772-38-4155', 'Cynthia Mitchell', 3791, '2018-05-12 22:51:43'),
 ('036-09-5270', 'Hunter Gray', 3139, '1987-10-30 20:12:53'),
 ('130-74-6281', 'Dr. Matthew Sullivan', 4957, '1974-09-03 01:03:44'),
 ('610-90-0659', 'Carol Vance', 1013, '2007-05-08 18:10:09'),
 ('271-42-2221', 'Melinda Sanchez', 3620, '2008-11-14 00:59:37'),
 ('682-74-7542', 'Rebekah Robinson', 3919, '1986-10-23 14:30:51'),
 ('400-25-5449', 'Mary Blevins', 4947, '1974-12-12 02:34:05'),
 ('104-15-4498', 'William Boyd', 9402, '1976-08-29 15:22:37'),
 ('166-46-0861', 'Scott Lester', 7618, '2017-02-17 12:03:46'),
 ('069-63-4510', 'Justin Huffman', 5807, '1975-08-12 22:03:06'),
 ('858-33-4486', 'Lisa Stevens', 9749, '2019-04-19 17:37:52'),
 ('752-06-6348', 'Ronnie Reyes', 1001, '2009-12-24 01:54:54'),
 ('646-81-2452', 'Todd Newman', 9857, '1979-06-26 09:18:32'),
 ('701-68-8479', 'John Mosley', 6190, '2002-05-01 15:24:07'),
 ('068-45-2639', 'Amanda Fox', 6147, '2022-01-27 17:31:55'),
 ('180-10-0207', 'Jennifer Harris', 9475, '2003-10-15 12:07:06'),
 ('351-31-4386', 'Chad Good', 1428, '2007-11-16 09:01:48'),
 ('068-26-6278', 'Joseph Myers', 426, '2008-06-14 16:15:26'),
 ('253-74-8525', 'Andrea Harris', 4762, '2008-08-25 12:58:10'),
 ('098-82-1762', 'Hannah Pope', 896, '1990-05-17 06:59:53'),
 ('664-81-6889', 'Debra Guzman', 1902, '1985-08-13 02:03:52'),
 ('812-65-5920', 'Rachael Allen', 8346, '2020-01-06 00:55:58'),
 ('603-10-7200', 'Christopher Medina', 8640, '1988-12-28 18:28:28'),
 ('205-52-0894', 'Mike Butler', 4990, '2017-09-07 05:16:01'),
 ('789-40-6928', 'John Smith', 1094, '1998-01-16 02:39:43'),
 ('039-49-4665', 'Eric Jones', 538, '2014-04-24 23:56:06'),
 ('242-61-8316', 'Dominic Powell', 1072, '1977-06-30 22:11:33'),
 ('448-14-2304', 'Carla Norton', 2542, '2017-09-29 02:40:30'),
 ('567-45-3703', 'Nichole Mitchell', 1671, '2014-01-15 19:42:42'),
 ('235-51-0461', 'John Shaffer', 5017, '1978-06-02 10:00:35'),
 ('746-43-5710', 'David Leach', 7821, '1995-02-04 21:18:27'),
 ('573-49-6903', 'Carolyn Hayes', 8097, '1994-03-23 11:31:35'),
 ('824-81-7164', 'Jason Smith', 7117, '2014-08-19 12:24:45'),
 ('700-07-1513', 'Jacqueline Reed', 2658, '1986-12-26 20:20:27'),
 ('312-62-7518', 'Joel Smith', 3187, '2010-06-28 12:51:12'),
 ('096-06-6313', 'Ethan Warren', 4794, '1970-10-25 13:46:49') ;
